Workbook

Sheet Informations
B2: Informations
B3: Le but de ce fichier est de faciliter la gestion des salaires pour les clubs de La Lanterne Magique. Il est conçu pour une utilisation sur l'année civile et non sur l'exercice comptable des clubs, compte tenu que les déclarations aux caisses cantonales de compensation ainsi que l'établissement des certificats de salaires surviennent toujours au terme de l'année civile.
B5: Avertissement
B6: Les conditions suivantes doivent impérativement être remplies pour pouvoir utiliser ce fichier:
C7: 1. l'employeur engage exclusivement des collaborateurs·trices de nationalité suisse ou au bénéfice d'un permis de résidence (permis C); 2. le salaire d'aucun employé ne dépasse CHF 22'680.– par an.
B9: Avant de commencer
B10: Assurez-vous de remplir les conditions suivantes, consultez la documentation disponible sur Intranet et informez votre coordinateur·trice ASLM qui vous accompagnera dans vos démarches:
C11: – Le club dispose d'une assurance accident pour ses collaborateurs·trices
C12: – Le club s'est annoncé auprès de la caisse de compensation AVS compétente pour son canton
C13: – Le club a reçu de sa caisse de compensation AVS le détail des taux de cotisation en vigueur
B15: Comment utiliser ce fichier
B16: Ce fichier est composé de 7 onglets auxquels le club aura recours à différentes périodes de l'année. Les cellules à compléter sont indiquées en jaune dans chaque onglet.
B17: En début d'année
C18: 1. Configuration | D18: Renseigner les différents paramètres spécifiques à l'employeur
B19: En cours d'année
C20: 2. Collaborateurs·trices | D20: Saisir les coordonnées des collaborateurs·trices
C21: 3. Prestations | D21: Sélectionner les collaborateurs·trices et leur fonction lors des séances
C22: 4. Fiches de salaire | D22: Générer les fiches de salaire des collaborateurs·trices
B23: En fin d'année
C24: 5. Déclaration AVS | D24: Afficher les données utiles pour la déclaration annuelle des salaires à la caisse AVS
C25: 6. Certificats de salaires | D25: Afficher les données utiles pour la production des certificats de salaire annuels.
B29: Pour éviter des erreurs de saisie, ce fichier est protégée en écriture. Seules les cellules en couleur peuvent être modifiées. Le mot de passe permettant de déverouiller le fichier est: lanterne
H32: V.20260101

Sheet 1. Configuration
B1: =IF(ISBLANK(B8),"",B8)
A2: 1. Configuration
A3: Renseigner les données spécifiques au club dans les cellules en couleur.
A5: Année civile concernée | B5: 2026
A7: Données du club
A8: Raison sociale | B8: La Lanterne Magique de Testville
A9: Adresse | B9: Lanterne Magique de Testville c/o Exemple, Rue de l'Essai 9,
A10: NPA, Localité | B10: 1000 Lausanne
A12: Rémunération | B12: Salarié | C12: Indépendant
A13: Savant·e | B13: 355 | C13: 373
A14: Naïf·ve | B14: 253 | C14: 266
A15: Artiste | B15: 304 | C15: 319
A16: Musicien·ne | B16: 445 | C16: 465
A23: ="Séances "&B5 | B23: Dates
A24: ="Séance 4"&", "&"Saison "&($B$5-1)&"-"&$B$5 | B24: 46039 | E24: =IF(COUNTIF(B25:C35,B24),"Erreur! Il ne peut y avoir deux séances à une même date.","")
A25: ="Séance 5"&", "&"Saison "&($B$5-1)&"-"&$B$5 | B25: 46060 | E25: =IF(COUNTIF(B$24:C24,B25),"Erreur! Il ne peut y avoir deux séances à une même date.","")
A26: ="Séance 6"&", "&"Saison "&($B$5-1)&"-"&$B$5 | B26: 46088 | E26: =IF(COUNTIF(B$24:C25,B26),"Erreur! Il ne peut y avoir deux séances à une même date.","")
A27: ="Séance 7"&", "&"Saison "&($B$5-1)&"-"&$B$5 | B27: 46109 | E27: =IF(COUNTIF(B$24:C26,B27),"Erreur! Il ne peut y avoir deux séances à une même date.","")
A28: ="Séance 8"&", "&"Saison "&($B$5-1)&"-"&$B$5 | B28: 46137 | E28: =IF(COUNTIF(B$24:C27,B28),"Erreur! Il ne peut y avoir deux séances à une même date.","")
A29: ="Séance 9"&", "&"Saison "&($B$5-1)&"-"&$B$5 | B29: 46186 | E29: =IF(COUNTIF(B$24:C28,B29),"Erreur! Il ne peut y avoir deux séances à une même date.","")
A30: ="Séance 1"&", "&"Saison "&($B$5)&"-"&($B$5+1) | E30: =IF(COUNTIF(B$24:C29,B30),"Erreur! Il ne peut y avoir deux séances à une même date.","")
A31: ="Séance 2"&", "&"Saison "&($B$5)&"-"&($B$5+1) | E31: =IF(COUNTIF(B$24:C30,B31),"Erreur! Il ne peut y avoir deux séances à une même date.","")
A32: ="Séance 3"&", "&"Saison "&($B$5)&"-"&($B$5+1) | E32: =IF(COUNTIF(B$24:C31,B32),"Erreur! Il ne peut y avoir deux séances à une même date.","")
A33: Séance supplémentaire (si besoin) | E33: =IF(COUNTIF(B$24:C32,B33),"Erreur! Il ne peut y avoir deux séances à une même date.","")
A34: Séance supplémentaire (si besoin) | E34: =IF(COUNTIF(B$24:C33,B34),"Erreur! Il ne peut y avoir deux séances à une même date.","")
A35: Séance supplémentaire (si besoin) | E35: =IF(COUNTIF(B$24:C34,B35),"Erreur! Il ne peut y avoir deux séances à une même date.","")
A37: Indemnités, cotisation et autres frais | B37: Taux employé | C37: Taux employeur
A38: Indemnités vacances | B38: 0.1064
A39: Cotisations AVS/AI/APG | B39: 0.053 | C39: =B39
A40: Cotisations AC | B40: 0.011 | C40: =B40
A41: Cotisations AANP | B41: 0 | C41: =B41
A42: Cotisations APG-maladie | B42: 0 | C42: =B42
A43: Cotisations AFC | B43: 0 | C43: 0
A44: Autres déductions 1 (si besoin) | B44: 0 | C44: 0
A45: Autres déductions 2 (si besoin) | B45: 0 | C45: 0
A46: Total cotisations | B46: =SUM(B39:B45) | C46: =SUM(C39:C45)
A47: Frais d'administration | C47: 0.05
A48: Prime d'assurance accident (LAA) | C48: 100
A49: Accéder au site Internet de la caisse AVS compétente pour le détail des taux de cotisation.
A51: Franchise AVS | B51: non | C51: oui

Sheet 2. Collaborateurs·trices
L1: =IF(ISBLANK('1. Configuration'!B8),"",'1. Configuration'!B8)
A2: 2. Collaborateurs·trices
A3: Saisir les coordonnées des collaborateurs·trices du club dans les cellules en couleur. Celles des artistes placé·es par l'ASLM sont publiées dans le Registre des artistes.
A5: Prénom | B5: Nom | C5: Collaborateur·trice | D5: Adresse | E5: NPA, Localité | F5: E-mail | G5: Téléphone | H5: Statut | I5: Taux LPP | J5: Déclaration AVS | K5: Date naiss. | L5: N° AVS | M5: IBAN
A6: Camille | B6: Exemple | C6: =IF(A6>0,(A6&" "&B6),"") | D6: Rue Fictive 1 | E6: 1000 Lausanne | F6: camille@example.org | G6: 021 000 00 01 | H6: Salarié | I6: 0 | J6: oui | K6: 32875 | L6: 756.0000.0000.02 | M6: CH93 0076 2011 6238 5295 7
A7: Alex | B7: Martin | C7: =IF(A7>0,(A7&" "&B7),"") | D7: Chemin du Test 2 | E7: 1950 Sion | F7: alex@example.org | G7: 079 000 00 02 | H7: Salarié | I7: 0 | J7: oui | K7: 31173 | L7: 756.1111.1111.13 | M7: CH56 0483 5012 3456 7800 9
A8: Alex | B8: Martin | C8: =IF(A8>0,(A8&" "&B8),"") | D8: Avenue Modèle 3 | E8: 1200 Genève | F8: alex.m@example.org | G8: 079 000 00 03 | H8: Salarié | I8: 0 | J8: non | K8: 33667 | L8: 756.2222.2222.24 | M8: CH93 0076 2011 6238 5295 7
A9: Noa | B9: Indep | C9: =IF(A9>0,(A9&" "&B9),"") | D9: Place Imaginaire 4 | E9: 2000 Neuchâtel | F9: noa@example.org | G9: 078 000 00 04 | H9: Indépendant | I9: 0
C10: =IF(A10>0,(A10&" "&B10),"")
C11: =IF(A11>0,(A11&" "&B11),"")
C12: =IF(A12>0,(A12&" "&B12),"")
C13: =IF(A13>0,(A13&" "&B13),"")
C14: =IF(A14>0,(A14&" "&B14),"")
C15: =IF(A15>0,(A15&" "&B15),"")
C16: =IF(A16>0,(A16&" "&B16),"")
C17: =IF(A17>0,(A17&" "&B17),"")
C18: =IF(A18>0,(A18&" "&B18),"")
C19: =IF(A19>0,(A19&" "&B19),"")
C20: =IF(A20>0,(A20&" "&B20),"")
C21: =IF(A21>0,(A21&" "&B21),"")
... C40: =IF(A40>0,(A40&" "&B40),"")

Sheet 3. Prestations
N1: =IF(ISBLANK('1. Configuration'!B8),"",'1. Configuration'!B8)
D2: 3. Prestations
D3: Sélectionner les collaborateurs·trices intervenant dans le cadre de chacune des 9 séances du club et renseigner leur fonction.
D5: =TEXT(DAY('1. Configuration'!B24),"00")&"."&TEXT(MONTH('1. Configuration'!B24),"00")&"."&TEXT(YEAR('1. Configuration'!B24),"00")&" | "&'1. Configuration'!A24 | H5: Soumis à cotisation | L5: Non-soumis à cotisation
A6: Index Déclaration AVS | B6: Index cerficats de salaire | C6: ='1. Configuration'!B24 | D6: Collaborateur·trice | E6: Fonction | F6: Statut | G6: Déclaration AVS | H6: Salaire brut (incl. vac) | L6: Cachet | M6: Autre
A7: =IF(F7='1. Configuration'!$C$12,"",IF((G7='1. Configuration'!$C$51),(IF(D7>0,(IF(COUNTIF($D$6:D6,D7)>0,"",MAX($A$6:A6)+1)),"")),"")) | B7: {=IF((F7='1. Configuration'!$B$12),(IF(D7>0,(IF(COUNTIF($D$6:D6,D7)>0,"",MAX($B$6:B6)+1)),"")),"")} | C7: =D7&C$6 | D7: Camille Exemple | E7: Savant·e | F7: {=IFERROR(IF(INDEX('2. Collaborateurs·trices'!$A$6:$M$40,(MATCH('3. Prestations'!D7,'2. Collaborateurs·trices'!$C$6:$C$40,0)),8)=0,'1. Configuration'!$B$12,INDEX('2. Collaborateurs·trices'!$A$6:$M$40,(MATCH('3. Prestations'!D7,'2. Collaborateurs·trices'!$C$6:$C$40,0)),8)),'1. Configuration'!$B$12)} | G7: {=IFERROR(IF((INDEX('2. Collaborateurs·trices'!$A$6:$M$40,(MATCH('3. Prestations'!D7,'2. Collaborateurs·trices'!$C$6:$C$40,0)),10)=0),'1. Configuration'!$C$51,INDEX('2. Collaborateurs·trices'!$A$6:$M$40,(MATCH('3. Prestations'!D7,'2. Collaborateurs·trices'!$C$6:$C$40,0)),10)),IF(E7="","",'1. Configuration'!$C$51))} | H7: {=IFERROR(IF(AND(F7='1. Configuration'!$B$12,G7='1. Configuration'!$C$51),IF((F7='1. Configuration'!$B$12),(VLOOKUP(E7,'1. Configuration'!$A$13:$C$21,2,)),""),""),"")} | L7: {=IFERROR(IF((F7='1. Configuration'!$C$12),(VLOOKUP(E7,'1. Configuration'!$A$13:$C$21,3,)),(IF((G7='1. Configuration'!$B$51),(VLOOKUP(E7,'1. Configuration'!$A$13:$C$21,2,)),""))),"")}
A8: =IF(F8='1. Configuration'!$C$12,"",IF((G8='1. Configuration'!$C$51),(IF(D8>0,(IF(COUNTIF($D$6:D7,D8)>0,"",MAX($A$6:A7)+1)),"")),"")) | B8: =IF((F8='1. Configuration'!$B$12),(IF(D8>0,(IF(COUNTIF($D$6:D7,D8)>0,"",MAX($B$6:B7)+1)),"")),"") | C8: =D8&C$6 | D8: Noa Indep | E8: Artiste | F8: {=IFERROR(IF(INDEX('2. Collaborateurs·trices'!$A$6:$M$40,(MATCH('3. Prestations'!D8,'2. Collaborateurs·trices'!$C$6:$C$40,0)),8)=0,'1. Configuration'!$B$12,INDEX('2. Collaborateurs·trices'!$A$6:$M$40,(MATCH('3. Prestations'!D8,'2. Collaborateurs·trices'!$C$6:$C$40,0)),8)),'1. Configuration'!$B$12)} | G8: {=IFERROR(IF((INDEX('2. Collaborateurs·trices'!$A$6:$M$40,(MATCH('3. Prestations'!D8,'2. Collaborateurs·trices'!$C$6:$C$40,0)),10)=0),'1. Configuration'!$C$51,INDEX('2. Collaborateurs·trices'!$A$6:$M$40,(MATCH('3. Prestations'!D8,'2. Collaborateurs·trices'!$C$6:$C$40,0)),10)),IF(E8="","",'1. Configuration'!$C$51))} | H8: {=IFERROR(IF(AND(F8='1. Configuration'!$B$12,G8='1. Configuration'!$C$51),IF((F8='1. Configuration'!$B$12),(VLOOKUP(E8,'1. Configuration'!$A$13:$C$21,2,)),""),""),"")} | L8: {=IFERROR(IF((F8='1. Configuration'!$C$12),(VLOOKUP(E8,'1. Configuration'!$A$13:$C$21,3,)),(IF((G8='1. Configuration'!$B$51),(VLOOKUP(E8,'1. Configuration'!$A$13:$C$21,2,)),""))),"")}
A9: =IF(F9='1. Configuration'!$C$12,"",IF((G9='1. Configuration'!$C$51),(IF(D9>0,(IF(COUNTIF($D$6:D8,D9)>0,"",MAX($A$6:A8)+1)),"")),"")) | B9: {=IF((F9='1. Configuration'!$B$12),(IF(D9>0,(IF(COUNTIF($D$6:D8,D9)>0,"",MAX($B$6:B8)+1)),"")),"")} | C9: =D9&C$6 | F9: {=IFERROR(IF(INDEX('2. Collaborateurs·trices'!$A$6:$M$40,(MATCH('3. Prestations'!D9,'2. Collaborateurs·trices'!$C$6:$C$40,0)),8)=0,'1. Configuration'!$B$12,INDEX('2. Collaborateurs·trices'!$A$6:$M$40,(MATCH('3. Prestations'!D9,'2. Collaborateurs·trices'!$C$6:$C$40,0)),8)),'1. Configuration'!$B$12)} | G9: {=IFERROR(IF((INDEX('2. Collaborateurs·trices'!$A$6:$M$40,(MATCH('3. Prestations'!D9,'2. Collaborateurs·trices'!$C$6:$C$40,0)),10)=0),'1. Configuration'!$C$51,INDEX('2. Collaborateurs·trices'!$A$6:$M$40,(MATCH('3. Prestations'!D9,'2. Collaborateurs·trices'!$C$6:$C$40,0)),10)),IF(E9="","",'1. Configuration'!$C$51))} | H9: {=IFERROR(IF(AND(F9='1. Configuration'!$B$12,G9='1. Configuration'!$C$51),IF((F9='1. Configuration'!$B$12),(VLOOKUP(E9,'1. Configuration'!$A$13:$C$21,2,)),""),""),"")} | L9: {=IFERROR(IF((F9='1. Configuration'!$C$12),(VLOOKUP(E9,'1. Configuration'!$A$13:$C$21,3,)),(IF((G9='1. Configuration'!$B$51),(VLOOKUP(E9,'1. Configuration'!$A$13:$C$21,2,)),""))),"")}
A10: =IF(F10='1. Configuration'!$C$12,"",IF((G10='1. Configuration'!$C$51),(IF(D10>0,(IF(COUNTIF($D$6:D9,D10)>0,"",MAX($A$6:A9)+1)),"")),"")) | B10: {=IF((F10='1. Configuration'!$B$12),(IF(D10>0,(IF(COUNTIF($D$6:D9,D10)>0,"",MAX($B$6:B9)+1)),"")),"")} | C10: =D10&C$6 | F10: {=IFERROR(IF(INDEX('2. Collaborateurs·trices'!$A$6:$M$40,(MATCH('3. Prestations'!D10,'2. Collaborateurs·trices'!$C$6:$C$40,0)),8)=0,'1. Configuration'!$B$12,INDEX('2. Collaborateurs·trices'!$A$6:$M$40,(MATCH('3. Prestations'!D10,'2. Collaborateurs·trices'!$C$6:$C$40,0)),8)),"")} | G10: {=IFERROR(IF((INDEX('2. Collaborateurs·trices'!$A$6:$M$40,(MATCH('3. Prestations'!D10,'2. Collaborateurs·trices'!$C$6:$C$40,0)),10)=0),'1. Configuration'!$C$51,INDEX('2. Collaborateurs·trices'!$A$6:$M$40,(MATCH('3. Prestations'!D10,'2. Collaborateurs·trices'!$C$6:$C$40,0)),10)),IF(E10="","",'1. Configuration'!$C$51))} | H10: {=IFERROR(IF(AND(F10='1. Configuration'!$B$12,G10='1. Configuration'!$C$51),IF((F10='1. Configuration'!$B$12),(VLOOKUP(E10,'1. Configuration'!$A$13:$C$21,2,)),""),""),"")} | L10: {=IFERROR(IF((F10='1. Configuration'!$C$12),(VLOOKUP(E10,'1. Configuration'!$A$13:$C$21,3,)),(IF((G10='1. Configuration'!$B$51),(VLOOKUP(E10,'1. Configuration'!$A$13:$C$21,2,)),""))),"")}
A11: =IF(F11='1. Configuration'!$C$12,"",IF((G11='1. Configuration'!$C$51),(IF(D11>0,(IF(COUNTIF($D$6:D8,D11)>0,"",MAX($A$6:A8)+1)),"")),"")) | B11: {=IF((F11='1. Configuration'!$B$12),(IF(D11>0,(IF(COUNTIF($D$6:D10,D11)>0,"",MAX($B$6:B10)+1)),"")),"")} | C11: =D11&C$6 | F11: {=IFERROR(IF(INDEX('2. Collaborateurs·trices'!$A$6:$M$40,(MATCH('3. Prestations'!D11,'2. Collaborateurs·trices'!$C$6:$C$40,0)),8)=0,'1. Configuration'!$B$12,INDEX('2. Collaborateurs·trices'!$A$6:$M$40,(MATCH('3. Prestations'!D11,'2. Collaborateurs·trices'!$C$6:$C$40,0)),8)),"")} | G11: {=IFERROR(IF((INDEX('2. Collaborateurs·trices'!$A$6:$M$40,(MATCH('3. Prestations'!D11,'2. Collaborateurs·trices'!$C$6:$C$40,0)),10)=0),'1. Configuration'!$C$51,INDEX('2. Collaborateurs·trices'!$A$6:$M$40,(MATCH('3. Prestations'!D11,'2. Collaborateurs·trices'!$C$6:$C$40,0)),10)),IF(E11="","",'1. Configuration'!$C$51))} | H11: {=IFERROR(IF(AND(F11='1. Configuration'!$B$12,G11='1. Configuration'!$C$51),IF((F11='1. Configuration'!$B$12),(VLOOKUP(E11,'1. Configuration'!$A$13:$C$21,2,)),""),""),"")} | L11: {=IFERROR(IF((F11='1. Configuration'!$C$12),(VLOOKUP(E11,'1. Configuration'!$A$13:$C$21,3,)),(IF((G11='1. Configuration'!$B$51),(VLOOKUP(E11,'1. Configuration'!$A$13:$C$21,2,)),""))),"")}
A12: =IF(F12='1. Configuration'!$C$12,"",IF((G12='1. Configuration'!$C$51),(IF(D12>0,(IF(COUNTIF($D$6:D9,D12)>0,"",MAX($A$6:A9)+1)),"")),"")) | B12: {=IF((F12='1. Configuration'!$B$12),(IF(D12>0,(IF(COUNTIF($D$6:D11,D12)>0,"",MAX($B$6:B11)+1)),"")),"")} | C12: =D12&C$6 | F12: {=IFERROR(IF(INDEX('2. Collaborateurs·trices'!$A$6:$M$40,(MATCH('3. Prestations'!D12,'2. Collaborateurs·trices'!$C$6:$C$40,0)),8)=0,'1. Configuration'!$B$12,INDEX('2. Collaborateurs·trices'!$A$6:$M$40,(MATCH('3. Prestations'!D12,'2. Collaborateurs·trices'!$C$6:$C$40,0)),8)),"")} | G12: {=IFERROR(IF((INDEX('2. Collaborateurs·trices'!$A$6:$M$40,(MATCH('3. Prestations'!D12,'2. Collaborateurs·trices'!$C$6:$C$40,0)),10)=0),'1. Configuration'!$C$51,INDEX('2. Collaborateurs·trices'!$A$6:$M$40,(MATCH('3. Prestations'!D12,'2. Collaborateurs·trices'!$C$6:$C$40,0)),10)),IF(E12="","",'1. Configuration'!$C$51))} | H12: {=IFERROR(IF(AND(F12='1. Configuration'!$B$12,G12='1. Configuration'!$C$51),IF((F12='1. Configuration'!$B$12),(VLOOKUP(E12,'1. Configuration'!$A$13:$C$21,2,)),""),""),"")} | L12: {=IFERROR(IF((F12='1. Configuration'!$C$12),(VLOOKUP(E12,'1. Configuration'!$A$13:$C$21,3,)),(IF((G12='1. Configuration'!$B$51),(VLOOKUP(E12,'1. Configuration'!$A$13:$C$21,2,)),""))),"")}
A13: =IF(F13='1. Configuration'!$C$12,"",IF((G13='1. Configuration'!$C$51),(IF(D13>0,(IF(COUNTIF($D$6:D10,D13)>0,"",MAX($A$6:A10)+1)),"")),"")) | B13: {=IF((F13='1. Configuration'!$B$12),(IF(D13>0,(IF(COUNTIF($D$6:D12,D13)>0,"",MAX($B$6:B12)+1)),"")),"")} | C13: =D13&C$6 | F13: {=IFERROR(IF(INDEX('2. Collaborateurs·trices'!$A$6:$M$40,(MATCH('3. Prestations'!D13,'2. Collaborateurs·trices'!$C$6:$C$40,0)),8)=0,'1. Configuration'!$B$12,INDEX('2. Collaborateurs·trices'!$A$6:$M$40,(MATCH('3. Prestations'!D13,'2. Collaborateurs·trices'!$C$6:$C$40,0)),8)),"")} | G13: {=IFERROR(IF((INDEX('2. Collaborateurs·trices'!$A$6:$M$40,(MATCH('3. Prestations'!D13,'2. Collaborateurs·trices'!$C$6:$C$40,0)),10)=0),'1. Configuration'!$C$51,INDEX('2. Collaborateurs·trices'!$A$6:$M$40,(MATCH('3. Prestations'!D13,'2. Collaborateurs·trices'!$C$6:$C$40,0)),10)),IF(E13="","",'1. Configuration'!$C$51))} | H13: {=IFERROR(IF(AND(F13='1. Configuration'!$B$12,G13='1. Configuration'!$C$51),IF((F13='1. Configuration'!$B$12),(VLOOKUP(E13,'1. Configuration'!$A$13:$C$21,2,)),""),""),"")} | L13: {=IFERROR(IF((F13='1. Configuration'!$C$12),(VLOOKUP(E13,'1. Configuration'!$A$13:$C$21,3,)),(IF((G13='1. Configuration'!$B$51),(VLOOKUP(E13,'1. Configuration'!$A$13:$C$21,2,)),""))),"")}
A14: =IF(F14='1. Configuration'!$C$12,"",IF((G14='1. Configuration'!$C$51),(IF(D14>0,(IF(COUNTIF($D$6:D13,D14)>0,"",MAX($A$6:A13)+1)),"")),"")) | B14: {=IF((F14='1. Configuration'!$B$12),(IF(D14>0,(IF(COUNTIF($D$6:D13,D14)>0,"",MAX($B$6:B13)+1)),"")),"")} | C14: =D14&C$6 | F14: {=IFERROR(IF(INDEX('2. Collaborateurs·trices'!$A$6:$M$40,(MATCH('3. Prestations'!D14,'2. Collaborateurs·trices'!$C$6:$C$40,0)),8)=0,'1. Configuration'!$B$12,INDEX('2. Collaborateurs·trices'!$A$6:$M$40,(MATCH('3. Prestations'!D14,'2. Collaborateurs·trices'!$C$6:$C$40,0)),8)),"")} | G14: {=IFERROR(IF((INDEX('2. Collaborateurs·trices'!$A$6:$M$40,(MATCH('3. Prestations'!D14,'2. Collaborateurs·trices'!$C$6:$C$40,0)),10)=0),'1. Configuration'!$C$51,INDEX('2. Collaborateurs·trices'!$A$6:$M$40,(MATCH('3. Prestations'!D14,'2. Collaborateurs·trices'!$C$6:$C$40,0)),10)),IF(E14="","",'1. Configuration'!$C$51))} | H14: {=IFERROR(IF(AND(F14='1. Configuration'!$B$12,G14='1. Configuration'!$C$51),IF((F14='1. Configuration'!$B$12),(VLOOKUP(E14,'1. Configuration'!$A$13:$C$21,2,)),""),""),"")} | L14: {=IFERROR(IF((F14='1. Configuration'!$C$12),(VLOOKUP(E14,'1. Configuration'!$A$13:$C$21,3,)),(IF((G14='1. Configuration'!$B$51),(VLOOKUP(E14,'1. Configuration'!$A$13:$C$21,2,)),""))),"")}
A15: =IF(F15='1. Configuration'!$C$12,"",IF((G15='1. Configuration'!$C$51),(IF(D15>0,(IF(COUNTIF($D$6:D14,D15)>0,"",MAX($A$6:A14)+1)),"")),"")) | B15: {=IF((F15='1. Configuration'!$B$12),(IF(D15>0,(IF(COUNTIF($D$6:D14,D15)>0,"",MAX($B$6:B14)+1)),"")),"")}
A16: =IF(F16='1. Configuration'!$C$12,"",IF((G16='1. Configuration'!$C$51),(IF(D16>0,(IF(COUNTIF($D$6:D15,D16)>0,"",MAX($A$6:A15)+1)),"")),"")) | B16: {=IF((F16='1. Configuration'!$B$12),(IF(D16>0,(IF(COUNTIF($D$6:D15,D16)>0,"",MAX($B$6:B15)+1)),"")),"")} | D16: =TEXT(DAY('1. Configuration'!B25),"00")&"."&TEXT(MONTH('1. Configuration'!B25),"00")&"."&TEXT(YEAR('1. Configuration'!B25),"00")&" | "&'1. Configuration'!A25 | H16: =$H$5 | L16: =$L$5
A17: =IF(F17='1. Configuration'!$C$12,"",IF((G17='1. Configuration'!$C$51),(IF(D17>0,(IF(COUNTIF($D$6:D16,D17)>0,"",MAX($A$6:A16)+1)),"")),"")) | B17: {=IF((F17='1. Configuration'!$B$12),(IF(D17>0,(IF(COUNTIF($D$6:D16,D17)>0,"",MAX($B$6:B16)+1)),"")),"")} | C17: ='1. Configuration'!B25 | D17: =$D$6 | E17: =$E$6 | F17: =$F$6 | G17: =$G$6 | H17: =$H$6 | L17: =L$6 | M17: =$M$6
A18: =IF(F18='1. Configuration'!$C$12,"",IF((G18='1. Configuration'!$C$51),(IF(D18>0,(IF(COUNTIF($D$6:D17,D18)>0,"",MAX($A$6:A17)+1)),"")),"")) | B18: {=IF((F18='1. Configuration'!$B$12),(IF(D18>0,(IF(COUNTIF($D$6:D17,D18)>0,"",MAX($B$6:B17)+1)),"")),"")} | C18: =D18&C$17 | F18: {=IFERROR(IF(INDEX('2. Collaborateurs·trices'!$A$6:$M$40,(MATCH('3. Prestations'!D18,'2. Collaborateurs·trices'!$C$6:$C$40,0)),8)=0,'1. Configuration'!$B$12,INDEX('2. Collaborateurs·trices'!$A$6:$M$40,(MATCH('3. Prestations'!D18,'2. Collaborateurs·trices'!$C$6:$C$40,0)),8)),'1. Configuration'!$B$12)} | G18: {=IFERROR(IF((INDEX('2. Collaborateurs·trices'!$A$6:$M$40,(MATCH('3. Prestations'!D18,'2. Collaborateurs·trices'!$C$6:$C$40,0)),10)=0),'1. Configuration'!$C$51,INDEX('2. Collaborateurs·trices'!$A$6:$M$40,(MATCH('3. Prestations'!D18,'2. Collaborateurs·trices'!$C$6:$C$40,0)),10)),IF(E18="","",'1. Configuration'!$C$51))} | H18: {=IFERROR(IF(AND(F18='1. Configuration'!$B$12,G18='1. Configuration'!$C$51),IF((F18='1. Configuration'!$B$12),(VLOOKUP(E18,'1. Configuration'!$A$13:$C$21,2,)),""),""),"")} | L18: {=IFERROR(IF((F18='1. Configuration'!$C$12),(VLOOKUP(E18,'1. Configuration'!$A$13:$C$21,3,)),(IF((G18='1. Configuration'!$B$51),(VLOOKUP(E18,'1. Configuration'!$A$13:$C$21,2,)),""))),"")}
A19: =IF(F19='1. Configuration'!$C$12,"",IF((G19='1. Configuration'!$C$51),(IF(D19>0,(IF(COUNTIF($D$6:D18,D19)>0,"",MAX($A$6:A18)+1)),"")),"")) | B19: {=IF((F19='1. Configuration'!$B$12),(IF(D19>0,(IF(COUNTIF($D$6:D18,D19)>0,"",MAX($B$6:B18)+1)),"")),"")} | C19: =D19&C$17 | F19: {=IFERROR(IF(INDEX('2. Collaborateurs·trices'!$A$6:$M$40,(MATCH('3. Prestations'!D19,'2. Collaborateurs·trices'!$C$6:$C$40,0)),8)=0,'1. Configuration'!$B$12,INDEX('2. Collaborateurs·trices'!$A$6:$M$40,(MATCH('3. Prestations'!D19,'2. Collaborateurs·trices'!$C$6:$C$40,0)),8)),'1. Configuration'!$B$12)} | G19: {=IFERROR(IF((INDEX('2. Collaborateurs·trices'!$A$6:$M$40,(MATCH('3. Prestations'!D19,'2. Collaborateurs·trices'!$C$6:$C$40,0)),10)=0),'1. Configuration'!$C$51,INDEX('2. Collaborateurs·trices'!$A$6:$M$40,(MATCH('3. Prestations'!D19,'2. Collaborateurs·trices'!$C$6:$C$40,0)),10)),IF(E19="","",'1. Configuration'!$C$51))} | H19: {=IFERROR(IF(AND(F19='1. Configuration'!$B$12,G19='1. Configuration'!$C$51),IF((F19='1. Configuration'!$B$12),(VLOOKUP(E19,'1. Configuration'!$A$13:$C$21,2,)),""),""),"")} | L19: {=IFERROR(IF((F19='1. Configuration'!$C$12),(VLOOKUP(E19,'1. Configuration'!$A$13:$C$21,3,)),(IF((G19='1. Configuration'!$B$51),(VLOOKUP(E19,'1. Configuration'!$A$13:$C$21,2,)),""))),"")}
A20: =IF(F20='1. Configuration'!$C$12,"",IF((G20='1. Configuration'!$C$51),(IF(D20>0,(IF(COUNTIF($D$6:D19,D20)>0,"",MAX($A$6:A19)+1)),"")),"")) | B20: {=IF((F20='1. Configuration'!$B$12),(IF(D20>0,(IF(COUNTIF($D$6:D19,D20)>0,"",MAX($B$6:B19)+1)),"")),"")} | C20: =D20&C$17 | F20: {=IFERROR(IF(INDEX('2. Collaborateurs·trices'!$A$6:$M$40,(MATCH('3. Prestations'!D20,'2. Collaborateurs·trices'!$C$6:$C$40,0)),8)=0,'1. Configuration'!$B$12,INDEX('2. Collaborateurs·trices'!$A$6:$M$40,(MATCH('3. Prestations'!D20,'2. Collaborateurs·trices'!$C$6:$C$40,0)),8)),'1. Configuration'!$B$12)} | G20: {=IFERROR(IF((INDEX('2. Collaborateurs·trices'!$A$6:$M$40,(MATCH('3. Prestations'!D20,'2. Collaborateurs·trices'!$C$6:$C$40,0)),10)=0),'1. Configuration'!$C$51,INDEX('2. Collaborateurs·trices'!$A$6:$M$40,(MATCH('3. Prestations'!D20,'2. Collaborateurs·trices'!$C$6:$C$40,0)),10)),IF(E20="","",'1. Configuration'!$C$51))} | H20: {=IFERROR(IF(AND(F20='1. Configuration'!$B$12,G20='1. Configuration'!$C$51),IF((F20='1. Configuration'!$B$12),(VLOOKUP(E20,'1. Configuration'!$A$13:$C$21,2,)),""),""),"")} | L20: {=IFERROR(IF((F20='1. Configuration'!$C$12),(VLOOKUP(E20,'1. Configuration'!$A$13:$C$21,3,)),(IF((G20='1. Configuration'!$B$51),(VLOOKUP(E20,'1. Configuration'!$A$13:$C$21,2,)),""))),"")}
A21: =IF(F21='1. Configuration'!$C$12,"",IF((G21='1. Configuration'!$C$51),(IF(D21>0,(IF(COUNTIF($D$6:D20,D21)>0,"",MAX($A$6:A20)+1)),"")),"")) | B21: {=IF((F21='1. Configuration'!$B$12),(IF(D21>0,(IF(COUNTIF($D$6:D20,D21)>0,"",MAX($B$6:B20)+1)),"")),"")} | C21: =D21&C$17 | F21: {=IFERROR(IF(INDEX('2. Collaborateurs·trices'!$A$6:$M$40,(MATCH('3. Prestations'!D21,'2. Collaborateurs·trices'!$C$6:$C$40,0)),8)=0,'1. Configuration'!$B$12,INDEX('2. Collaborateurs·trices'!$A$6:$M$40,(MATCH('3. Prestations'!D21,'2. Collaborateurs·trices'!$C$6:$C$40,0)),8)),"")} | G21: {=IFERROR(IF((INDEX('2. Collaborateurs·trices'!$A$6:$M$40,(MATCH('3. Prestations'!D21,'2. Collaborateurs·trices'!$C$6:$C$40,0)),10)=0),'1. Configuration'!$C$51,INDEX('2. Collaborateurs·trices'!$A$6:$M$40,(MATCH('3. Prestations'!D21,'2. Collaborateurs·trices'!$C$6:$C$40,0)),10)),IF(E21="","",'1. Configuration'!$C$51))} | H21: {=IFERROR(IF(AND(F21='1. Configuration'!$B$12,G21='1. Configuration'!$C$51),IF((F21='1. Configuration'!$B$12),(VLOOKUP(E21,'1. Configuration'!$A$13:$C$21,2,)),""),""),"")} | L21: {=IFERROR(IF((F21='1. Configuration'!$C$12),(VLOOKUP(E21,'1. Configuration'!$A$13:$C$21,3,)),(IF((G21='1. Configuration'!$B$51),(VLOOKUP(E21,'1. Configuration'!$A$13:$C$21,2,)),""))),"")}
A22: =IF(F22='1. Configuration'!$C$12,"",IF((G22='1. Configuration'!$C$51),(IF(D22>0,(IF(COUNTIF($D$6:D21,D22)>0,"",MAX($A$6:A21)+1)),"")),"")) | B22: {=IF((F22='1. Configuration'!$B$12),(IF(D22>0,(IF(COUNTIF($D$6:D21,D22)>0,"",MAX($B$6:B21)+1)),"")),"")} | C22: =D22&C$17 | F22: {=IFERROR(IF(INDEX('2. Collaborateurs·trices'!$A$6:$M$40,(MATCH('3. Prestations'!D22,'2. Collaborateurs·trices'!$C$6:$C$40,0)),8)=0,'1. Configuration'!$B$12,INDEX('2. Collaborateurs·trices'!$A$6:$M$40,(MATCH('3. Prestations'!D22,'2. Collaborateurs·trices'!$C$6:$C$40,0)),8)),"")} | G22: {=IFERROR(IF((INDEX('2. Collaborateurs·trices'!$A$6:$M$40,(MATCH('3. Prestations'!D22,'2. Collaborateurs·trices'!$C$6:$C$40,0)),10)=0),'1. Configuration'!$C$51,INDEX('2. Collaborateurs·trices'!$A$6:$M$40,(MATCH('3. Prestations'!D22,'2. Collaborateurs·trices'!$C$6:$C$40,0)),10)),IF(E22="","",'1. Configuration'!$C$51))} | H22: {=IFERROR(IF(AND(F22='1. Configuration'!$B$12,G22='1. Configuration'!$C$51),IF((F22='1. Configuration'!$B$12),(VLOOKUP(E22,'1. Configuration'!$A$13:$C$21,2,)),""),""),"")} | L22: {=IFERROR(IF((F22='1. Configuration'!$C$12),(VLOOKUP(E22,'1. Configuration'!$A$13:$C$21,3,)),(IF((G22='1. Configuration'!$B$51),(VLOOKUP(E22,'1. Configuration'!$A$13:$C$21,2,)),""))),"")}
A23: =IF(F23='1. Configuration'!$C$12,"",IF((G23='1. Configuration'!$C$51),(IF(D23>0,(IF(COUNTIF($D$6:D22,D23)>0,"",MAX($A$6:A22)+1)),"")),"")) | B23: {=IF((F23='1. Configuration'!$B$12),(IF(D23>0,(IF(COUNTIF($D$6:D22,D23)>0,"",MAX($B$6:B22)+1)),"")),"")} | C23: =D23&C$17 | F23: {=IFERROR(IF(INDEX('2. Collaborateurs·trices'!$A$6:$M$40,(MATCH('3. Prestations'!D23,'2. Collaborateurs·trices'!$C$6:$C$40,0)),8)=0,'1. Configuration'!$B$12,INDEX('2. Collaborateurs·trices'!$A$6:$M$40,(MATCH('3. Prestations'!D23,'2. Collaborateurs·trices'!$C$6:$C$40,0)),8)),"")} | G23: {=IFERROR(IF((INDEX('2. Collaborateurs·trices'!$A$6:$M$40,(MATCH('3. Prestations'!D23,'2. Collaborateurs·trices'!$C$6:$C$40,0)),10)=0),'1. Configuration'!$C$51,INDEX('2. Collaborateurs·trices'!$A$6:$M$40,(MATCH('3. Prestations'!D23,'2. Collaborateurs·trices'!$C$6:$C$40,0)),10)),IF(E23="","",'1. Configuration'!$C$51))} | H23: {=IFERROR(IF(AND(F23='1. Configuration'!$B$12,G23='1. Configuration'!$C$51),IF((F23='1. Configuration'!$B$12),(VLOOKUP(E23,'1. Configuration'!$A$13:$C$21,2,)),""),""),"")} | L23: {=IFERROR(IF((F23='1. Configuration'!$C$12),(VLOOKUP(E23,'1. Configuration'!$A$13:$C$21,3,)),(IF((G23='1. Configuration'!$B$51),(VLOOKUP(E23,'1. Configuration'!$A$13:$C$21,2,)),""))),"")}
A24: =IF(F24='1. Configuration'!$C$12,"",IF((G24='1. Configuration'!$C$51),(IF(D24>0,(IF(COUNTIF($D$6:D23,D24)>0,"",MAX($A$6:A23)+1)),"")),"")) | B24: {=IF((F24='1. Configuration'!$B$12),(IF(D24>0,(IF(COUNTIF($D$6:D23,D24)>0,"",MAX($B$6:B23)+1)),"")),"")} | C24: =D24&C$17 | F24: {=IFERROR(IF(INDEX('2. Collaborateurs·trices'!$A$6:$M$40,(MATCH('3. Prestations'!D24,'2. Collaborateurs·trices'!$C$6:$C$40,0)),8)=0,'1. Configuration'!$B$12,INDEX('2. Collaborateurs·trices'!$A$6:$M$40,(MATCH('3. Prestations'!D24,'2. Collaborateurs·trices'!$C$6:$C$40,0)),8)),"")} | G24: {=IFERROR(IF((INDEX('2. Collaborateurs·trices'!$A$6:$M$40,(MATCH('3. Prestations'!D24,'2. Collaborateurs·trices'!$C$6:$C$40,0)),10)=0),'1. Configuration'!$C$51,INDEX('2. Collaborateurs·trices'!$A$6:$M$40,(MATCH('3. Prestations'!D24,'2. Collaborateurs·trices'!$C$6:$C$40,0)),10)),IF(E24="","",'1. Configuration'!$C$51))} | H24: {=IFERROR(IF(AND(F24='1. Configuration'!$B$12,G24='1. Configuration'!$C$51),IF((F24='1. Configuration'!$B$12),(VLOOKUP(E24,'1. Configuration'!$A$13:$C$21,2,)),""),""),"")} | L24: {=IFERROR(IF((F24='1. Configuration'!$C$12),(VLOOKUP(E24,'1. Configuration'!$A$13:$C$21,3,)),(IF((G24='1. Configuration'!$B$51),(VLOOKUP(E24,'1. Configuration'!$A$13:$C$21,2,)),""))),"")}
A25: =IF(F25='1. Configuration'!$C$12,"",IF((G25='1. Configuration'!$C$51),(IF(D25>0,(IF(COUNTIF($D$6:D24,D25)>0,"",MAX($A$6:A24)+1)),"")),"")) | B25: {=IF((F25='1. Configuration'!$B$12),(IF(D25>0,(IF(COUNTIF($D$6:D24,D25)>0,"",MAX($B$6:B24)+1)),"")),"")} | C25: =D25&C$17 | F25: {=IFERROR(IF(INDEX('2. Collaborateurs·trices'!$A$6:$M$40,(MATCH('3. Prestations'!D25,'2. Collaborateurs·trices'!$C$6:$C$40,0)),8)=0,'1. Configuration'!$B$12,INDEX('2. Collaborateurs·trices'!$A$6:$M$40,(MATCH('3. Prestations'!D25,'2. Collaborateurs·trices'!$C$6:$C$40,0)),8)),"")} | G25: {=IFERROR(IF((INDEX('2. Collaborateurs·trices'!$A$6:$M$40,(MATCH('3. Prestations'!D25,'2. Collaborateurs·trices'!$C$6:$C$40,0)),10)=0),'1. Configuration'!$C$51,INDEX('2. Collaborateurs·trices'!$A$6:$M$40,(MATCH('3. Prestations'!D25,'2. Collaborateurs·trices'!$C$6:$C$40,0)),10)),IF(E25="","",'1. Configuration'!$C$51))} | H25: {=IFERROR(IF(AND(F25='1. Configuration'!$B$12,G25='1. Configuration'!$C$51),IF((F25='1. Configuration'!$B$12),(VLOOKUP(E25,'1. Configuration'!$A$13:$C$21,2,)),""),""),"")} | L25: {=IFERROR(IF((F25='1. Configuration'!$C$12),(VLOOKUP(E25,'1. Configuration'!$A$13:$C$21,3,)),(IF((G25='1. Configuration'!$B$51),(VLOOKUP(E25,'1. Configuration'!$A$13:$C$21,2,)),""))),"")}
A26: =IF(F26='1. Configuration'!$C$12,"",IF((G26='1. Configuration'!$C$51),(IF(D26>0,(IF(COUNTIF($D$6:D25,D26)>0,"",MAX($A$6:A25)+1)),"")),"")) | B26: {=IF((F26='1. Configuration'!$B$12),(IF(D26>0,(IF(COUNTIF($D$6:D25,D26)>0,"",MAX($B$6:B25)+1)),"")),"")}
A27: =IF(F27='1. Configuration'!$C$12,"",IF((G27='1. Configuration'!$C$51),(IF(D27>0,(IF(COUNTIF($D$6:D26,D27)>0,"",MAX($A$6:A26)+1)),"")),"")) | B27: {=IF((F27='1. Configuration'!$B$12),(IF(D27>0,(IF(COUNTIF($D$6:D26,D27)>0,"",MAX($B$6:B26)+1)),"")),"")} | D27: =TEXT(DAY('1. Configuration'!B26),"00")&"."&TEXT(MONTH('1. Configuration'!B26),"00")&"."&TEXT(YEAR('1. Configuration'!B26),"00")&" | "&'1. Configuration'!A26 | H27: =$H$5 | L27: =$L$5
A28: =IF(F28='1. Configuration'!$C$12,"",IF((G28='1. Configuration'!$C$51),(IF(D28>0,(IF(COUNTIF($D$6:D27,D28)>0,"",MAX($A$6:A27)+1)),"")),"")) | B28: {=IF((F28='1. Configuration'!$B$12),(IF(D28>0,(IF(COUNTIF($D$6:D27,D28)>0,"",MAX($B$6:B27)+1)),"")),"")} | C28: ='1. Configuration'!B26 | D28: =$D$6 | E28: =$E$6 | F28: =$F$6 | G28: =$G$6 | H28: =$H$6 | L28: Cachet | M28: =$M$6
A29: =IF(F29='1. Configuration'!$C$12,"",IF((G29='1. Configuration'!$C$51),(IF(D29>0,(IF(COUNTIF($D$6:D28,D29)>0,"",MAX($A$6:A28)+1)),"")),"")) | B29: {=IF((F29='1. Configuration'!$B$12),(IF(D29>0,(IF(COUNTIF($D$6:D28,D29)>0,"",MAX($B$6:B28)+1)),"")),"")} | C29: =D29&C$28 | F29: {=IFERROR(IF(INDEX('2. Collaborateurs·trices'!$A$6:$M$40,(MATCH('3. Prestations'!D29,'2. Collaborateurs·trices'!$C$6:$C$40,0)),8)=0,'1. Configuration'!$B$12,INDEX('2. Collaborateurs·trices'!$A$6:$M$40,(MATCH('3. Prestations'!D29,'2. Collaborateurs·trices'!$C$6:$C$40,0)),8)),'1. Configuration'!$B$12)} | G29: {=IFERROR(IF((INDEX('2. Collaborateurs·trices'!$A$6:$M$40,(MATCH('3. Prestations'!D29,'2. Collaborateurs·trices'!$C$6:$C$40,0)),10)=0),'1. Configuration'!$C$51,INDEX('2. Collaborateurs·trices'!$A$6:$M$40,(MATCH('3. Prestations'!D29,'2. Collaborateurs·trices'!$C$6:$C$40,0)),10)),IF(E29="","",'1. Configuration'!$C$51))} | H29: {=IFERROR(IF(AND(F29='1. Configuration'!$B$12,G29='1. Configuration'!$C$51),IF((F29='1. Configuration'!$B$12),(VLOOKUP(E29,'1. Configuration'!$A$13:$C$21,2,)),""),""),"")} | L29: {=IFERROR(IF((F29='1. Configuration'!$C$12),(VLOOKUP(E29,'1. Configuration'!$A$13:$C$21,3,)),(IF((G29='1. Configuration'!$B$51),(VLOOKUP(E29,'1. Configuration'!$A$13:$C$21,2,)),""))),"")}
A30: =IF(F30='1. Configuration'!$C$12,"",IF((G30='1. Configuration'!$C$51),(IF(D30>0,(IF(COUNTIF($D$6:D29,D30)>0,"",MAX($A$6:A29)+1)),"")),"")) | B30: {=IF((F30='1. Configuration'!$B$12),(IF(D30>0,(IF(COUNTIF($D$6:D29,D30)>0,"",MAX($B$6:B29)+1)),"")),"")} | C30: =D30&C$28 | F30: {=IFERROR(IF(INDEX('2. Collaborateurs·trices'!$A$6:$M$40,(MATCH('3. Prestations'!D30,'2. Collaborateurs·trices'!$C$6:$C$40,0)),8)=0,'1. Configuration'!$B$12,INDEX('2. Collaborateurs·trices'!$A$6:$M$40,(MATCH('3. Prestations'!D30,'2. Collaborateurs·trices'!$C$6:$C$40,0)),8)),'1. Configuration'!$B$12)} | G30: {=IFERROR(IF((INDEX('2. Collaborateurs·trices'!$A$6:$M$40,(MATCH('3. Prestations'!D30,'2. Collaborateurs·trices'!$C$6:$C$40,0)),10)=0),'1. Configuration'!$C$51,INDEX('2. Collaborateurs·trices'!$A$6:$M$40,(MATCH('3. Prestations'!D30,'2. Collaborateurs·trices'!$C$6:$C$40,0)),10)),IF(E30="","",'1. Configuration'!$C$51))} | H30: {=IFERROR(IF(AND(F30='1. Configuration'!$B$12,G30='1. Configuration'!$C$51),IF((F30='1. Configuration'!$B$12),(VLOOKUP(E30,'1. Configuration'!$A$13:$C$21,2,)),""),""),"")} | L30: {=IFERROR(IF((F30='1. Configuration'!$C$12),(VLOOKUP(E30,'1. Configuration'!$A$13:$C$21,3,)),(IF((G30='1. Configuration'!$B$51),(VLOOKUP(E30,'1. Configuration'!$A$13:$C$21,2,)),""))),"")}
A31: =IF(F31='1. Configuration'!$C$12,"",IF((G31='1. Configuration'!$C$51),(IF(D31>0,(IF(COUNTIF($D$6:D30,D31)>0,"",MAX($A$6:A30)+1)),"")),"")) | B31: {=IF((F31='1. Configuration'!$B$12),(IF(D31>0,(IF(COUNTIF($D$6:D30,D31)>0,"",MAX($B$6:B30)+1)),"")),"")} | C31: =D31&C$28 | F31: {=IFERROR(IF(INDEX('2. Collaborateurs·trices'!$A$6:$M$40,(MATCH('3. Prestations'!D31,'2. Collaborateurs·trices'!$C$6:$C$40,0)),8)=0,'1. Configuration'!$B$12,INDEX('2. Collaborateurs·trices'!$A$6:$M$40,(MATCH('3. Prestations'!D31,'2. Collaborateurs·trices'!$C$6:$C$40,0)),8)),'1. Configuration'!$B$12)} | G31: {=IFERROR(IF((INDEX('2. Collaborateurs·trices'!$A$6:$M$40,(MATCH('3. Prestations'!D31,'2. Collaborateurs·trices'!$C$6:$C$40,0)),10)=0),'1. Configuration'!$C$51,INDEX('2. Collaborateurs·trices'!$A$6:$M$40,(MATCH('3. Prestations'!D31,'2. Collaborateurs·trices'!$C$6:$C$40,0)),10)),IF(E31="","",'1. Configuration'!$C$51))} | H31: {=IFERROR(IF(AND(F31='1. Configuration'!$B$12,G31='1. Configuration'!$C$51),IF((F31='1. Configuration'!$B$12),(VLOOKUP(E31,'1. Configuration'!$A$13:$C$21,2,)),""),""),"")} | L31: {=IFERROR(IF((F31='1. Configuration'!$C$12),(VLOOKUP(E31,'1. Configuration'!$A$13:$C$21,3,)),(IF((G31='1. Configuration'!$B$51),(VLOOKUP(E31,'1. Configuration'!$A$13:$C$21,2,)),""))),"")}
A32: =IF(F32='1. Configuration'!$C$12,"",IF((G32='1. Configuration'!$C$51),(IF(D32>0,(IF(COUNTIF($D$6:D31,D32)>0,"",MAX($A$6:A31)+1)),"")),"")) | B32: {=IF((F32='1. Configuration'!$B$12),(IF(D32>0,(IF(COUNTIF($D$6:D31,D32)>0,"",MAX($B$6:B31)+1)),"")),"")} | C32: =D32&C$28 | F32: {=IFERROR(IF(INDEX('2. Collaborateurs·trices'!$A$6:$M$40,(MATCH('3. Prestations'!D32,'2. Collaborateurs·trices'!$C$6:$C$40,0)),8)=0,'1. Configuration'!$B$12,INDEX('2. Collaborateurs·trices'!$A$6:$M$40,(MATCH('3. Prestations'!D32,'2. Collaborateurs·trices'!$C$6:$C$40,0)),8)),"")} | G32: {=IFERROR(IF((INDEX('2. Collaborateurs·trices'!$A$6:$M$40,(MATCH('3. Prestations'!D32,'2. Collaborateurs·trices'!$C$6:$C$40,0)),10)=0),'1. Configuration'!$C$51,INDEX('2. Collaborateurs·trices'!$A$6:$M$40,(MATCH('3. Prestations'!D32,'2. Collaborateurs·trices'!$C$6:$C$40,0)),10)),IF(E32="","",'1. Configuration'!$C$51))} | H32: {=IFERROR(IF(AND(F32='1. Configuration'!$B$12,G32='1. Configuration'!$C$51),IF((F32='1. Configuration'!$B$12),(VLOOKUP(E32,'1. Configuration'!$A$13:$C$21,2,)),""),""),"")} | L32: {=IFERROR(IF((F32='1. Configuration'!$C$12),(VLOOKUP(E32,'1. Configuration'!$A$13:$C$21,3,)),(IF((G32='1. Configuration'!$B$51),(VLOOKUP(E32,'1. Configuration'!$A$13:$C$21,2,)),""))),"")}
A33: =IF(F33='1. Configuration'!$C$12,"",IF((G33='1. Configuration'!$C$51),(IF(D33>0,(IF(COUNTIF($D$6:D32,D33)>0,"",MAX($A$6:A32)+1)),"")),"")) | B33: {=IF((F33='1. Configuration'!$B$12),(IF(D33>0,(IF(COUNTIF($D$6:D32,D33)>0,"",MAX($B$6:B32)+1)),"")),"")} | C33: =D33&C$28 | F33: {=IFERROR(IF(INDEX('2. Collaborateurs·trices'!$A$6:$M$40,(MATCH('3. Prestations'!D33,'2. Collaborateurs·trices'!$C$6:$C$40,0)),8)=0,'1. Configuration'!$B$12,INDEX('2. Collaborateurs·trices'!$A$6:$M$40,(MATCH('3. Prestations'!D33,'2. Collaborateurs·trices'!$C$6:$C$40,0)),8)),"")} | G33: {=IFERROR(IF((INDEX('2. Collaborateurs·trices'!$A$6:$M$40,(MATCH('3. Prestations'!D33,'2. Collaborateurs·trices'!$C$6:$C$40,0)),10)=0),'1. Configuration'!$C$51,INDEX('2. Collaborateurs·trices'!$A$6:$M$40,(MATCH('3. Prestations'!D33,'2. Collaborateurs·trices'!$C$6:$C$40,0)),10)),IF(E33="","",'1. Configuration'!$C$51))} | H33: {=IFERROR(IF(AND(F33='1. Configuration'!$B$12,G33='1. Configuration'!$C$51),IF((F33='1. Configuration'!$B$12),(VLOOKUP(E33,'1. Configuration'!$A$13:$C$21,2,)),""),""),"")} | L33: {=IFERROR(IF((F33='1. Configuration'!$C$12),(VLOOKUP(E33,'1. Configuration'!$A$13:$C$21,3,)),(IF((G33='1. Configuration'!$B$51),(VLOOKUP(E33,'1. Configuration'!$A$13:$C$21,2,)),""))),"")}
A34: =IF(F34='1. Configuration'!$C$12,"",IF((G34='1. Configuration'!$C$51),(IF(D34>0,(IF(COUNTIF($D$6:D33,D34)>0,"",MAX($A$6:A33)+1)),"")),"")) | B34: {=IF((F34='1. Configuration'!$B$12),(IF(D34>0,(IF(COUNTIF($D$6:D33,D34)>0,"",MAX($B$6:B33)+1)),"")),"")} | C34: =D34&C$28 | F34: {=IFERROR(IF(INDEX('2. Collaborateurs·trices'!$A$6:$M$40,(MATCH('3. Prestations'!D34,'2. Collaborateurs·trices'!$C$6:$C$40,0)),8)=0,'1. Configuration'!$B$12,INDEX('2. Collaborateurs·trices'!$A$6:$M$40,(MATCH('3. Prestations'!D34,'2. Collaborateurs·trices'!$C$6:$C$40,0)),8)),"")} | G34: {=IFERROR(IF((INDEX('2. Collaborateurs·trices'!$A$6:$M$40,(MATCH('3. Prestations'!D34,'2. Collaborateurs·trices'!$C$6:$C$40,0)),10)=0),'1. Configuration'!$C$51,INDEX('2. Collaborateurs·trices'!$A$6:$M$40,(MATCH('3. Prestations'!D34,'2. Collaborateurs·trices'!$C$6:$C$40,0)),10)),IF(E34="","",'1. Configuration'!$C$51))} | H34: {=IFERROR(IF(AND(F34='1. Configuration'!$B$12,G34='1. Configuration'!$C$51),IF((F34='1. Configuration'!$B$12),(VLOOKUP(E34,'1. Configuration'!$A$13:$C$21,2,)),""),""),"")} | L34: {=IFERROR(IF((F34='1. Configuration'!$C$12),(VLOOKUP(E34,'1. Configuration'!$A$13:$C$21,3,)),(IF((G34='1. Configuration'!$B$51),(VLOOKUP(E34,'1. Configuration'!$A$13:$C$21,2,)),""))),"")}
A35: =IF(F35='1. Configuration'!$C$12,"",IF((G35='1. Configuration'!$C$51),(IF(D35>0,(IF(COUNTIF($D$6:D34,D35)>0,"",MAX($A$6:A34)+1)),"")),"")) | B35: {=IF((F35='1. Configuration'!$B$12),(IF(D35>0,(IF(COUNTIF($D$6:D34,D35)>0,"",MAX($B$6:B34)+1)),"")),"")} | C35: =D35&C$28 | F35: {=IFERROR(IF(INDEX('2. Collaborateurs·trices'!$A$6:$M$40,(MATCH('3. Prestations'!D35,'2. Collaborateurs·trices'!$C$6:$C$40,0)),8)=0,'1. Configuration'!$B$12,INDEX('2. Collaborateurs·trices'!$A$6:$M$40,(MATCH('3. Prestations'!D35,'2. Collaborateurs·trices'!$C$6:$C$40,0)),8)),"")} | G35: {=IFERROR(IF((INDEX('2. Collaborateurs·trices'!$A$6:$M$40,(MATCH('3. Prestations'!D35,'2. Collaborateurs·trices'!$C$6:$C$40,0)),10)=0),'1. Configuration'!$C$51,INDEX('2. Collaborateurs·trices'!$A$6:$M$40,(MATCH('3. Prestations'!D35,'2. Collaborateurs·trices'!$C$6:$C$40,0)),10)),IF(E35="","",'1. Configuration'!$C$51))} | H35: {=IFERROR(IF(AND(F35='1. Configuration'!$B$12,G35='1. Configuration'!$C$51),IF((F35='1. Configuration'!$B$12),(VLOOKUP(E35,'1. Configuration'!$A$13:$C$21,2,)),""),""),"")} | L35: {=IFERROR(IF((F35='1. Configuration'!$C$12),(VLOOKUP(E35,'1. Configuration'!$A$13:$C$21,3,)),(IF((G35='1. Configuration'!$B$51),(VLOOKUP(E35,'1. Configuration'!$A$13:$C$21,2,)),""))),"")}
A36: =IF(F36='1. Configuration'!$C$12,"",IF((G36='1. Configuration'!$C$51),(IF(D36>0,(IF(COUNTIF($D$6:D35,D36)>0,"",MAX($A$6:A35)+1)),"")),"")) | B36: {=IF((F36='1. Configuration'!$B$12),(IF(D36>0,(IF(COUNTIF($D$6:D35,D36)>0,"",MAX($B$6:B35)+1)),"")),"")} | C36: =D36&C$28 | F36: {=IFERROR(IF(INDEX('2. Collaborateurs·trices'!$A$6:$M$40,(MATCH('3. Prestations'!D36,'2. Collaborateurs·trices'!$C$6:$C$40,0)),8)=0,'1. Configuration'!$B$12,INDEX('2. Collaborateurs·trices'!$A$6:$M$40,(MATCH('3. Prestations'!D36,'2. Collaborateurs·trices'!$C$6:$C$40,0)),8)),"")} | G36: {=IFERROR(IF((INDEX('2. Collaborateurs·trices'!$A$6:$M$40,(MATCH('3. Prestations'!D36,'2. Collaborateurs·trices'!$C$6:$C$40,0)),10)=0),'1. Configuration'!$C$51,INDEX('2. Collaborateurs·trices'!$A$6:$M$40,(MATCH('3. Prestations'!D36,'2. Collaborateurs·trices'!$C$6:$C$40,0)),10)),IF(E36="","",'1. Configuration'!$C$51))} | H36: {=IFERROR(IF(AND(F36='1. Configuration'!$B$12,G36='1. Configuration'!$C$51),IF((F36='1. Configuration'!$B$12),(VLOOKUP(E36,'1. Configuration'!$A$13:$C$21,2,)),""),""),"")} | L36: {=IFERROR(IF((F36='1. Configuration'!$C$12),(VLOOKUP(E36,'1. Configuration'!$A$13:$C$21,3,)),(IF((G36='1. Configuration'!$B$51),(VLOOKUP(E36,'1. Configuration'!$A$13:$C$21,2,)),""))),"")}
A37: =IF(F37='1. Configuration'!$C$12,"",IF((G37='1. Configuration'!$C$51),(IF(D37>0,(IF(COUNTIF($D$6:D36,D37)>0,"",MAX($A$6:A36)+1)),"")),"")) | B37: {=IF((F37='1. Configuration'!$B$12),(IF(D37>0,(IF(COUNTIF($D$6:D36,D37)>0,"",MAX($B$6:B36)+1)),"")),"")}
A38: =IF(F38='1. Configuration'!$C$12,"",IF((G38='1. Configuration'!$C$51),(IF(D38>0,(IF(COUNTIF($D$6:D37,D38)>0,"",MAX($A$6:A37)+1)),"")),"")) | B38: {=IF((F38='1. Configuration'!$B$12),(IF(D38>0,(IF(COUNTIF($D$6:D37,D38)>0,"",MAX($B$6:B37)+1)),"")),"")} | D38: =TEXT(DAY('1. Configuration'!B27),"00")&"."&TEXT(MONTH('1. Configuration'!B27),"00")&"."&TEXT(YEAR('1. Configuration'!B27),"00")&" | "&'1. Configuration'!A27 | H38: =$H$5 | L38: =$L$5
A39: =IF(F39='1. Configuration'!$C$12,"",IF((G39='1. Configuration'!$C$51),(IF(D39>0,(IF(COUNTIF($D$6:D38,D39)>0,"",MAX($A$6:A38)+1)),"")),"")) | B39: {=IF((F39='1. Configuration'!$B$12),(IF(D39>0,(IF(COUNTIF($D$6:D38,D39)>0,"",MAX($B$6:B38)+1)),"")),"")} | C39: ='1. Configuration'!B27 | D39: =$D$6 | E39: =$E$6 | F39: =$F$6 | G39: =$G$6 | H39: =$H$6 | L39: Cachet | M39: =$M$6
A40: =IF(F40='1. Configuration'!$C$12,"",IF((G40='1. Configuration'!$C$51),(IF(D40>0,(IF(COUNTIF($D$6:D39,D40)>0,"",MAX($A$6:A39)+1)),"")),"")) | B40: {=IF((F40='1. Configuration'!$B$12),(IF(D40>0,(IF(COUNTIF($D$6:D39,D40)>0,"",MAX($B$6:B39)+1)),"")),"")} | C40: =D40&C$39 | F40: {=IFERROR(IF(INDEX('2. Collaborateurs·trices'!$A$6:$M$40,(MATCH('3. Prestations'!D40,'2. Collaborateurs·trices'!$C$6:$C$40,0)),8)=0,'1. Configuration'!$B$12,INDEX('2. Collaborateurs·trices'!$A$6:$M$40,(MATCH('3. Prestations'!D40,'2. Collaborateurs·trices'!$C$6:$C$40,0)),8)),'1. Configuration'!$B$12)} | G40: {=IFERROR(IF((INDEX('2. Collaborateurs·trices'!$A$6:$M$40,(MATCH('3. Prestations'!D40,'2. Collaborateurs·trices'!$C$6:$C$40,0)),10)=0),'1. Configuration'!$C$51,INDEX('2. Collaborateurs·trices'!$A$6:$M$40,(MATCH('3. Prestations'!D40,'2. Collaborateurs·trices'!$C$6:$C$40,0)),10)),IF(E40="","",'1. Configuration'!$C$51))} | H40: {=IFERROR(IF(AND(F40='1. Configuration'!$B$12,G40='1. Configuration'!$C$51),IF((F40='1. Configuration'!$B$12),(VLOOKUP(E40,'1. Configuration'!$A$13:$C$21,2,)),""),""),"")} | L40: {=IFERROR(IF((F40='1. Configuration'!$C$12),(VLOOKUP(E40,'1. Configuration'!$A$13:$C$21,3,)),(IF((G40='1. Configuration'!$B$51),(VLOOKUP(E40,'1. Configuration'!$A$13:$C$21,2,)),""))),"")}
A41: =IF(F41='1. Configuration'!$C$12,"",IF((G41='1. Configuration'!$C$51),(IF(D41>0,(IF(COUNTIF($D$6:D40,D41)>0,"",MAX($A$6:A40)+1)),"")),"")) | B41: {=IF((F41='1. Configuration'!$B$12),(IF(D41>0,(IF(COUNTIF($D$6:D40,D41)>0,"",MAX($B$6:B40)+1)),"")),"")} | C41: =D41&C$39 | F41: {=IFERROR(IF(INDEX('2. Collaborateurs·trices'!$A$6:$M$40,(MATCH('3. Prestations'!D41,'2. Collaborateurs·trices'!$C$6:$C$40,0)),8)=0,'1. Configuration'!$B$12,INDEX('2. Collaborateurs·trices'!$A$6:$M$40,(MATCH('3. Prestations'!D41,'2. Collaborateurs·trices'!$C$6:$C$40,0)),8)),'1. Configuration'!$B$12)} | G41: {=IFERROR(IF((INDEX('2. Collaborateurs·trices'!$A$6:$M$40,(MATCH('3. Prestations'!D41,'2. Collaborateurs·trices'!$C$6:$C$40,0)),10)=0),'1. Configuration'!$C$51,INDEX('2. Collaborateurs·trices'!$A$6:$M$40,(MATCH('3. Prestations'!D41,'2. Collaborateurs·trices'!$C$6:$C$40,0)),10)),IF(E41="","",'1. Configuration'!$C$51))} | H41: {=IFERROR(IF(AND(F41='1. Configuration'!$B$12,G41='1. Configuration'!$C$51),IF((F41='1. Configuration'!$B$12),(VLOOKUP(E41,'1. Configuration'!$A$13:$C$21,2,)),""),""),"")} | L41: {=IFERROR(IF((F41='1. Configuration'!$C$12),(VLOOKUP(E41,'1. Configuration'!$A$13:$C$21,3,)),(IF((G41='1. Configuration'!$B$51),(VLOOKUP(E41,'1. Configuration'!$A$13:$C$21,2,)),""))),"")}
A42: =IF(F42='1. Configuration'!$C$12,"",IF((G42='1. Configuration'!$C$51),(IF(D42>0,(IF(COUNTIF($D$6:D41,D42)>0,"",MAX($A$6:A41)+1)),"")),"")) | B42: {=IF((F42='1. Configuration'!$B$12),(IF(D42>0,(IF(COUNTIF($D$6:D41,D42)>0,"",MAX($B$6:B41)+1)),"")),"")} | C42: =D42&C$39 | F42: {=IFERROR(IF(INDEX('2. Collaborateurs·trices'!$A$6:$M$40,(MATCH('3. Prestations'!D42,'2. Collaborateurs·trices'!$C$6:$C$40,0)),8)=0,'1. Configuration'!$B$12,INDEX('2. Collaborateurs·trices'!$A$6:$M$40,(MATCH('3. Prestations'!D42,'2. Collaborateurs·trices'!$C$6:$C$40,0)),8)),'1. Configuration'!$B$12)} | G42: {=IFERROR(IF((INDEX('2. Collaborateurs·trices'!$A$6:$M$40,(MATCH('3. Prestations'!D42,'2. Collaborateurs·trices'!$C$6:$C$40,0)),10)=0),'1. Configuration'!$C$51,INDEX('2. Collaborateurs·trices'!$A$6:$M$40,(MATCH('3. Prestations'!D42,'2. Collaborateurs·trices'!$C$6:$C$40,0)),10)),IF(E42="","",'1. Configuration'!$C$51))} | H42: {=IFERROR(IF(AND(F42='1. Configuration'!$B$12,G42='1. Configuration'!$C$51),IF((F42='1. Configuration'!$B$12),(VLOOKUP(E42,'1. Configuration'!$A$13:$C$21,2,)),""),""),"")} | L42: {=IFERROR(IF((F42='1. Configuration'!$C$12),(VLOOKUP(E42,'1. Configuration'!$A$13:$C$21,3,)),(IF((G42='1. Configuration'!$B$51),(VLOOKUP(E42,'1. Configuration'!$A$13:$C$21,2,)),""))),"")}
A43: =IF(F43='1. Configuration'!$C$12,"",IF((G43='1. Configuration'!$C$51),(IF(D43>0,(IF(COUNTIF($D$6:D42,D43)>0,"",MAX($A$6:A42)+1)),"")),"")) | B43: {=IF((F43='1. Configuration'!$B$12),(IF(D43>0,(IF(COUNTIF($D$6:D42,D43)>0,"",MAX($B$6:B42)+1)),"")),"")} | C43: =D43&C$39 | F43: {=IFERROR(IF(INDEX('2. Collaborateurs·trices'!$A$6:$M$40,(MATCH('3. Prestations'!D43,'2. Collaborateurs·trices'!$C$6:$C$40,0)),8)=0,'1. Configuration'!$B$12,INDEX('2. Collaborateurs·trices'!$A$6:$M$40,(MATCH('3. Prestations'!D43,'2. Collaborateurs·trices'!$C$6:$C$40,0)),8)),"")} | G43: {=IFERROR(IF((INDEX('2. Collaborateurs·trices'!$A$6:$M$40,(MATCH('3. Prestations'!D43,'2. Collaborateurs·trices'!$C$6:$C$40,0)),10)=0),'1. Configuration'!$C$51,INDEX('2. Collaborateurs·trices'!$A$6:$M$40,(MATCH('3. Prestations'!D43,'2. Collaborateurs·trices'!$C$6:$C$40,0)),10)),IF(E43="","",'1. Configuration'!$C$51))} | H43: {=IFERROR(IF(AND(F43='1. Configuration'!$B$12,G43='1. Configuration'!$C$51),IF((F43='1. Configuration'!$B$12),(VLOOKUP(E43,'1. Configuration'!$A$13:$C$21,2,)),""),""),"")} | L43: {=IFERROR(IF((F43='1. Configuration'!$C$12),(VLOOKUP(E43,'1. Configuration'!$A$13:$C$21,3,)),(IF((G43='1. Configuration'!$B$51),(VLOOKUP(E43,'1. Configuration'!$A$13:$C$21,2,)),""))),"")}
A44: =IF(F44='1. Configuration'!$C$12,"",IF((G44='1. Configuration'!$C$51),(IF(D44>0,(IF(COUNTIF($D$6:D43,D44)>0,"",MAX($A$6:A43)+1)),"")),"")) | B44: {=IF((F44='1. Configuration'!$B$12),(IF(D44>0,(IF(COUNTIF($D$6:D43,D44)>0,"",MAX($B$6:B43)+1)),"")),"")} | C44: =D44&C$39 | F44: {=IFERROR(IF(INDEX('2. Collaborateurs·trices'!$A$6:$M$40,(MATCH('3. Prestations'!D44,'2. Collaborateurs·trices'!$C$6:$C$40,0)),8)=0,'1. Configuration'!$B$12,INDEX('2. Collaborateurs·trices'!$A$6:$M$40,(MATCH('3. Prestations'!D44,'2. Collaborateurs·trices'!$C$6:$C$40,0)),8)),"")} | G44: {=IFERROR(IF((INDEX('2. Collaborateurs·trices'!$A$6:$M$40,(MATCH('3. Prestations'!D44,'2. Collaborateurs·trices'!$C$6:$C$40,0)),10)=0),'1. Configuration'!$C$51,INDEX('2. Collaborateurs·trices'!$A$6:$M$40,(MATCH('3. Prestations'!D44,'2. Collaborateurs·trices'!$C$6:$C$40,0)),10)),IF(E44="","",'1. Configuration'!$C$51))} | H44: {=IFERROR(IF(AND(F44='1. Configuration'!$B$12,G44='1. Configuration'!$C$51),IF((F44='1. Configuration'!$B$12),(VLOOKUP(E44,'1. Configuration'!$A$13:$C$21,2,)),""),""),"")} | L44: {=IFERROR(IF((F44='1. Configuration'!$C$12),(VLOOKUP(E44,'1. Configuration'!$A$13:$C$21,3,)),(IF((G44='1. Configuration'!$B$51),(VLOOKUP(E44,'1. Configuration'!$A$13:$C$21,2,)),""))),"")}
A45: =IF(F45='1. Configuration'!$C$12,"",IF((G45='1. Configuration'!$C$51),(IF(D45>0,(IF(COUNTIF($D$6:D44,D45)>0,"",MAX($A$6:A44)+1)),"")),"")) | B45: {=IF((F45='1. Configuration'!$B$12),(IF(D45>0,(IF(COUNTIF($D$6:D44,D45)>0,"",MAX($B$6:B44)+1)),"")),"")} | C45: =D45&C$39 | F45: {=IFERROR(IF(INDEX('2. Collaborateurs·trices'!$A$6:$M$40,(MATCH('3. Prestations'!D45,'2. Collaborateurs·trices'!$C$6:$C$40,0)),8)=0,'1. Configuration'!$B$12,INDEX('2. Collaborateurs·trices'!$A$6:$M$40,(MATCH('3. Prestations'!D45,'2. Collaborateurs·trices'!$C$6:$C$40,0)),8)),"")} | G45: {=IFERROR(IF((INDEX('2. Collaborateurs·trices'!$A$6:$M$40,(MATCH('3. Prestations'!D45,'2. Collaborateurs·trices'!$C$6:$C$40,0)),10)=0),'1. Configuration'!$C$51,INDEX('2. Collaborateurs·trices'!$A$6:$M$40,(MATCH('3. Prestations'!D45,'2. Collaborateurs·trices'!$C$6:$C$40,0)),10)),IF(E45="","",'1. Configuration'!$C$51))} | H45: {=IFERROR(IF(AND(F45='1. Configuration'!$B$12,G45='1. Configuration'!$C$51),IF((F45='1. Configuration'!$B$12),(VLOOKUP(E45,'1. Configuration'!$A$13:$C$21,2,)),""),""),"")} | L45: {=IFERROR(IF((F45='1. Configuration'!$C$12),(VLOOKUP(E45,'1. Configuration'!$A$13:$C$21,3,)),(IF((G45='1. Configuration'!$B$51),(VLOOKUP(E45,'1. Configuration'!$A$13:$C$21,2,)),""))),"")}
A46: =IF(F46='1. Configuration'!$C$12,"",IF((G46='1. Configuration'!$C$51),(IF(D46>0,(IF(COUNTIF($D$6:D45,D46)>0,"",MAX($A$6:A45)+1)),"")),"")) | B46: {=IF((F46='1. Configuration'!$B$12),(IF(D46>0,(IF(COUNTIF($D$6:D45,D46)>0,"",MAX($B$6:B45)+1)),"")),"")} | C46: =D46&C$39 | F46: {=IFERROR(IF(INDEX('2. Collaborateurs·trices'!$A$6:$M$40,(MATCH('3. Prestations'!D46,'2. Collaborateurs·trices'!$C$6:$C$40,0)),8)=0,'1. Configuration'!$B$12,INDEX('2. Collaborateurs·trices'!$A$6:$M$40,(MATCH('3. Prestations'!D46,'2. Collaborateurs·trices'!$C$6:$C$40,0)),8)),"")} | G46: {=IFERROR(IF((INDEX('2. Collaborateurs·trices'!$A$6:$M$40,(MATCH('3. Prestations'!D46,'2. Collaborateurs·trices'!$C$6:$C$40,0)),10)=0),'1. Configuration'!$C$51,INDEX('2. Collaborateurs·trices'!$A$6:$M$40,(MATCH('3. Prestations'!D46,'2. Collaborateurs·trices'!$C$6:$C$40,0)),10)),IF(E46="","",'1. Configuration'!$C$51))} | H46: {=IFERROR(IF(AND(F46='1. Configuration'!$B$12,G46='1. Configuration'!$C$51),IF((F46='1. Configuration'!$B$12),(VLOOKUP(E46,'1. Configuration'!$A$13:$C$21,2,)),""),""),"")} | L46: {=IFERROR(IF((F46='1. Configuration'!$C$12),(VLOOKUP(E46,'1. Configuration'!$A$13:$C$21,3,)),(IF((G46='1. Configuration'!$B$51),(VLOOKUP(E46,'1. Configuration'!$A$13:$C$21,2,)),""))),"")}
A47: =IF(F47='1. Configuration'!$C$12,"",IF((G47='1. Configuration'!$C$51),(IF(D47>0,(IF(COUNTIF($D$6:D46,D47)>0,"",MAX($A$6:A46)+1)),"")),"")) | B47: {=IF((F47='1. Configuration'!$B$12),(IF(D47>0,(IF(COUNTIF($D$6:D46,D47)>0,"",MAX($B$6:B46)+1)),"")),"")} | C47: =D47&C$39 | F47: {=IFERROR(IF(INDEX('2. Collaborateurs·trices'!$A$6:$M$40,(MATCH('3. Prestations'!D47,'2. Collaborateurs·trices'!$C$6:$C$40,0)),8)=0,'1. Configuration'!$B$12,INDEX('2. Collaborateurs·trices'!$A$6:$M$40,(MATCH('3. Prestations'!D47,'2. Collaborateurs·trices'!$C$6:$C$40,0)),8)),"")} | G47: {=IFERROR(IF((INDEX('2. Collaborateurs·trices'!$A$6:$M$40,(MATCH('3. Prestations'!D47,'2. Collaborateurs·trices'!$C$6:$C$40,0)),10)=0),'1. Configuration'!$C$51,INDEX('2. Collaborateurs·trices'!$A$6:$M$40,(MATCH('3. Prestations'!D47,'2. Collaborateurs·trices'!$C$6:$C$40,0)),10)),IF(E47="","",'1. Configuration'!$C$51))} | H47: {=IFERROR(IF(AND(F47='1. Configuration'!$B$12,G47='1. Configuration'!$C$51),IF((F47='1. Configuration'!$B$12),(VLOOKUP(E47,'1. Configuration'!$A$13:$C$21,2,)),""),""),"")} | L47: {=IFERROR(IF((F47='1. Configuration'!$C$12),(VLOOKUP(E47,'1. Configuration'!$A$13:$C$21,3,)),(IF((G47='1. Configuration'!$B$51),(VLOOKUP(E47,'1. Configuration'!$A$13:$C$21,2,)),""))),"")}
A48: =IF(F48='1. Configuration'!$C$12,"",IF((G48='1. Configuration'!$C$51),(IF(D48>0,(IF(COUNTIF($D$6:D47,D48)>0,"",MAX($A$6:A47)+1)),"")),"")) | B48: {=IF((F48='1. Configuration'!$B$12),(IF(D48>0,(IF(COUNTIF($D$6:D47,D48)>0,"",MAX($B$6:B47)+1)),"")),"")}
A49: =IF(F49='1. Configuration'!$C$12,"",IF((G49='1. Configuration'!$C$51),(IF(D49>0,(IF(COUNTIF($D$6:D48,D49)>0,"",MAX($A$6:A48)+1)),"")),"")) | B49: {=IF((F49='1. Configuration'!$B$12),(IF(D49>0,(IF(COUNTIF($D$6:D48,D49)>0,"",MAX($B$6:B48)+1)),"")),"")} | D49: =TEXT(DAY('1. Configuration'!B28),"00")&"."&TEXT(MONTH('1. Configuration'!B28),"00")&"."&TEXT(YEAR('1. Configuration'!B28),"00")&" | "&'1. Configuration'!A28 | H49: =$H$5 | L49: =$L$5
A50: =IF(F50='1. Configuration'!$C$12,"",IF((G50='1. Configuration'!$C$51),(IF(D50>0,(IF(COUNTIF($D$6:D49,D50)>0,"",MAX($A$6:A49)+1)),"")),"")) | B50: {=IF((F50='1. Configuration'!$B$12),(IF(D50>0,(IF(COUNTIF($D$6:D49,D50)>0,"",MAX($B$6:B49)+1)),"")),"")} | C50: ='1. Configuration'!B28 | D50: =$D$6 | E50: =$E$6 | F50: =$F$6 | G50: =$G$6 | H50: =$H$6 | L50: Cachet | M50: =$M$6
A51: =IF(F51='1. Configuration'!$C$12,"",IF((G51='1. Configuration'!$C$51),(IF(D51>0,(IF(COUNTIF($D$6:D50,D51)>0,"",MAX($A$6:A50)+1)),"")),"")) | B51: {=IF((F51='1. Configuration'!$B$12),(IF(D51>0,(IF(COUNTIF($D$6:D50,D51)>0,"",MAX($B$6:B50)+1)),"")),"")} | C51: =D51&C$50 | F51: {=IFERROR(IF(INDEX('2. Collaborateurs·trices'!$A$6:$M$40,(MATCH('3. Prestations'!D51,'2. Collaborateurs·trices'!$C$6:$C$40,0)),8)=0,'1. Configuration'!$B$12,INDEX('2. Collaborateurs·trices'!$A$6:$M$40,(MATCH('3. Prestations'!D51,'2. Collaborateurs·trices'!$C$6:$C$40,0)),8)),'1. Configuration'!$B$12)} | G51: {=IFERROR(IF((INDEX('2. Collaborateurs·trices'!$A$6:$M$40,(MATCH('3. Prestations'!D51,'2. Collaborateurs·trices'!$C$6:$C$40,0)),10)=0),'1. Configuration'!$C$51,INDEX('2. Collaborateurs·trices'!$A$6:$M$40,(MATCH('3. Prestations'!D51,'2. Collaborateurs·trices'!$C$6:$C$40,0)),10)),IF(E51="","",'1. Configuration'!$C$51))} | H51: {=IFERROR(IF(AND(F51='1. Configuration'!$B$12,G51='1. Configuration'!$C$51),IF((F51='1. Configuration'!$B$12),(VLOOKUP(E51,'1. Configuration'!$A$13:$C$21,2,)),""),""),"")} | L51: {=IFERROR(IF((F51='1. Configuration'!$C$12),(VLOOKUP(E51,'1. Configuration'!$A$13:$C$21,3,)),(IF((G51='1. Configuration'!$B$51),(VLOOKUP(E51,'1. Configuration'!$A$13:$C$21,2,)),""))),"")}
A52: =IF(F52='1. Configuration'!$C$12,"",IF((G52='1. Configuration'!$C$51),(IF(D52>0,(IF(COUNTIF($D$6:D51,D52)>0,"",MAX($A$6:A51)+1)),"")),"")) | B52: {=IF((F52='1. Configuration'!$B$12),(IF(D52>0,(IF(COUNTIF($D$6:D51,D52)>0,"",MAX($B$6:B51)+1)),"")),"")} | C52: =D52&C$50 | F52: {=IFERROR(IF(INDEX('2. Collaborateurs·trices'!$A$6:$M$40,(MATCH('3. Prestations'!D52,'2. Collaborateurs·trices'!$C$6:$C$40,0)),8)=0,'1. Configuration'!$B$12,INDEX('2. Collaborateurs·trices'!$A$6:$M$40,(MATCH('3. Prestations'!D52,'2. Collaborateurs·trices'!$C$6:$C$40,0)),8)),'1. Configuration'!$B$12)} | G52: {=IFERROR(IF((INDEX('2. Collaborateurs·trices'!$A$6:$M$40,(MATCH('3. Prestations'!D52,'2. Collaborateurs·trices'!$C$6:$C$40,0)),10)=0),'1. Configuration'!$C$51,INDEX('2. Collaborateurs·trices'!$A$6:$M$40,(MATCH('3. Prestations'!D52,'2. Collaborateurs·trices'!$C$6:$C$40,0)),10)),IF(E52="","",'1. Configuration'!$C$51))} | H52: {=IFERROR(IF(AND(F52='1. Configuration'!$B$12,G52='1. Configuration'!$C$51),IF((F52='1. Configuration'!$B$12),(VLOOKUP(E52,'1. Configuration'!$A$13:$C$21,2,)),""),""),"")} | L52: {=IFERROR(IF((F52='1. Configuration'!$C$12),(VLOOKUP(E52,'1. Configuration'!$A$13:$C$21,3,)),(IF((G52='1. Configuration'!$B$51),(VLOOKUP(E52,'1. Configuration'!$A$13:$C$21,2,)),""))),"")}
A53: =IF(F53='1. Configuration'!$C$12,"",IF((G53='1. Configuration'!$C$51),(IF(D53>0,(IF(COUNTIF($D$6:D52,D53)>0,"",MAX($A$6:A52)+1)),"")),"")) | B53: {=IF((F53='1. Configuration'!$B$12),(IF(D53>0,(IF(COUNTIF($D$6:D52,D53)>0,"",MAX($B$6:B52)+1)),"")),"")} | C53: =D53&C$50 | F53: {=IFERROR(IF(INDEX('2. Collaborateurs·trices'!$A$6:$M$40,(MATCH('3. Prestations'!D53,'2. Collaborateurs·trices'!$C$6:$C$40,0)),8)=0,'1. Configuration'!$B$12,INDEX('2. Collaborateurs·trices'!$A$6:$M$40,(MATCH('3. Prestations'!D53,'2. Collaborateurs·trices'!$C$6:$C$40,0)),8)),'1. Configuration'!$B$12)} | G53: {=IFERROR(IF((INDEX('2. Collaborateurs·trices'!$A$6:$M$40,(MATCH('3. Prestations'!D53,'2. Collaborateurs·trices'!$C$6:$C$40,0)),10)=0),'1. Configuration'!$C$51,INDEX('2. Collaborateurs·trices'!$A$6:$M$40,(MATCH('3. Prestations'!D53,'2. Collaborateurs·trices'!$C$6:$C$40,0)),10)),IF(E53="","",'1. Configuration'!$C$51))} | H53: {=IFERROR(IF(AND(F53='1. Configuration'!$B$12,G53='1. Configuration'!$C$51),IF((F53='1. Configuration'!$B$12),(VLOOKUP(E53,'1. Configuration'!$A$13:$C$21,2,)),""),""),"")} | L53: {=IFERROR(IF((F53='1. Configuration'!$C$12),(VLOOKUP(E53,'1. Configuration'!$A$13:$C$21,3,)),(IF((G53='1. Configuration'!$B$51),(VLOOKUP(E53,'1. Configuration'!$A$13:$C$21,2,)),""))),"")}
A54: =IF(F54='1. Configuration'!$C$12,"",IF((G54='1. Configuration'!$C$51),(IF(D54>0,(IF(COUNTIF($D$6:D53,D54)>0,"",MAX($A$6:A53)+1)),"")),"")) | B54: {=IF((F54='1. Configuration'!$B$12),(IF(D54>0,(IF(COUNTIF($D$6:D53,D54)>0,"",MAX($B$6:B53)+1)),"")),"")} | C54: =D54&C$50 | F54: {=IFERROR(IF(INDEX('2. Collaborateurs·trices'!$A$6:$M$40,(MATCH('3. Prestations'!D54,'2. Collaborateurs·trices'!$C$6:$C$40,0)),8)=0,'1. Configuration'!$B$12,INDEX('2. Collaborateurs·trices'!$A$6:$M$40,(MATCH('3. Prestations'!D54,'2. Collaborateurs·trices'!$C$6:$C$40,0)),8)),"")} | G54: {=IFERROR(IF((INDEX('2. Collaborateurs·trices'!$A$6:$M$40,(MATCH('3. Prestations'!D54,'2. Collaborateurs·trices'!$C$6:$C$40,0)),10)=0),'1. Configuration'!$C$51,INDEX('2. Collaborateurs·trices'!$A$6:$M$40,(MATCH('3. Prestations'!D54,'2. Collaborateurs·trices'!$C$6:$C$40,0)),10)),IF(E54="","",'1. Configuration'!$C$51))} | H54: {=IFERROR(IF(AND(F54='1. Configuration'!$B$12,G54='1. Configuration'!$C$51),IF((F54='1. Configuration'!$B$12),(VLOOKUP(E54,'1. Configuration'!$A$13:$C$21,2,)),""),""),"")} | L54: {=IFERROR(IF((F54='1. Configuration'!$C$12),(VLOOKUP(E54,'1. Configuration'!$A$13:$C$21,3,)),(IF((G54='1. Configuration'!$B$51),(VLOOKUP(E54,'1. Configuration'!$A$13:$C$21,2,)),""))),"")}
A55: =IF(F55='1. Configuration'!$C$12,"",IF((G55='1. Configuration'!$C$51),(IF(D55>0,(IF(COUNTIF($D$6:D54,D55)>0,"",MAX($A$6:A54)+1)),"")),"")) | B55: {=IF((F55='1. Configuration'!$B$12),(IF(D55>0,(IF(COUNTIF($D$6:D54,D55)>0,"",MAX($B$6:B54)+1)),"")),"")} | C55: =D55&C$50 | F55: {=IFERROR(IF(INDEX('2. Collaborateurs·trices'!$A$6:$M$40,(MATCH('3. Prestations'!D55,'2. Collaborateurs·trices'!$C$6:$C$40,0)),8)=0,'1. Configuration'!$B$12,INDEX('2. Collaborateurs·trices'!$A$6:$M$40,(MATCH('3. Prestations'!D55,'2. Collaborateurs·trices'!$C$6:$C$40,0)),8)),"")} | G55: {=IFERROR(IF((INDEX('2. Collaborateurs·trices'!$A$6:$M$40,(MATCH('3. Prestations'!D55,'2. Collaborateurs·trices'!$C$6:$C$40,0)),10)=0),'1. Configuration'!$C$51,INDEX('2. Collaborateurs·trices'!$A$6:$M$40,(MATCH('3. Prestations'!D55,'2. Collaborateurs·trices'!$C$6:$C$40,0)),10)),IF(E55="","",'1. Configuration'!$C$51))} | H55: {=IFERROR(IF(AND(F55='1. Configuration'!$B$12,G55='1. Configuration'!$C$51),IF((F55='1. Configuration'!$B$12),(VLOOKUP(E55,'1. Configuration'!$A$13:$C$21,2,)),""),""),"")} | L55: {=IFERROR(IF((F55='1. Configuration'!$C$12),(VLOOKUP(E55,'1. Configuration'!$A$13:$C$21,3,)),(IF((G55='1. Configuration'!$B$51),(VLOOKUP(E55,'1. Configuration'!$A$13:$C$21,2,)),""))),"")}
A56: =IF(F56='1. Configuration'!$C$12,"",IF((G56='1. Configuration'!$C$51),(IF(D56>0,(IF(COUNTIF($D$6:D55,D56)>0,"",MAX($A$6:A55)+1)),"")),"")) | B56: {=IF((F56='1. Configuration'!$B$12),(IF(D56>0,(IF(COUNTIF($D$6:D55,D56)>0,"",MAX($B$6:B55)+1)),"")),"")} | C56: =D56&C$50 | F56: {=IFERROR(IF(INDEX('2. Collaborateurs·trices'!$A$6:$M$40,(MATCH('3. Prestations'!D56,'2. Collaborateurs·trices'!$C$6:$C$40,0)),8)=0,'1. Configuration'!$B$12,INDEX('2. Collaborateurs·trices'!$A$6:$M$40,(MATCH('3. Prestations'!D56,'2. Collaborateurs·trices'!$C$6:$C$40,0)),8)),"")} | G56: {=IFERROR(IF((INDEX('2. Collaborateurs·trices'!$A$6:$M$40,(MATCH('3. Prestations'!D56,'2. Collaborateurs·trices'!$C$6:$C$40,0)),10)=0),'1. Configuration'!$C$51,INDEX('2. Collaborateurs·trices'!$A$6:$M$40,(MATCH('3. Prestations'!D56,'2. Collaborateurs·trices'!$C$6:$C$40,0)),10)),IF(E56="","",'1. Configuration'!$C$51))} | H56: {=IFERROR(IF(AND(F56='1. Configuration'!$B$12,G56='1. Configuration'!$C$51),IF((F56='1. Configuration'!$B$12),(VLOOKUP(E56,'1. Configuration'!$A$13:$C$21,2,)),""),""),"")} | L56: {=IFERROR(IF((F56='1. Configuration'!$C$12),(VLOOKUP(E56,'1. Configuration'!$A$13:$C$21,3,)),(IF((G56='1. Configuration'!$B$51),(VLOOKUP(E56,'1. Configuration'!$A$13:$C$21,2,)),""))),"")}
A57: =IF(F57='1. Configuration'!$C$12,"",IF((G57='1. Configuration'!$C$51),(IF(D57>0,(IF(COUNTIF($D$6:D56,D57)>0,"",MAX($A$6:A56)+1)),"")),"")) | B57: {=IF((F57='1. Configuration'!$B$12),(IF(D57>0,(IF(COUNTIF($D$6:D56,D57)>0,"",MAX($B$6:B56)+1)),"")),"")} | C57: =D57&C$50 | F57: {=IFERROR(IF(INDEX('2. Collaborateurs·trices'!$A$6:$M$40,(MATCH('3. Prestations'!D57,'2. Collaborateurs·trices'!$C$6:$C$40,0)),8)=0,'1. Configuration'!$B$12,INDEX('2. Collaborateurs·trices'!$A$6:$M$40,(MATCH('3. Prestations'!D57,'2. Collaborateurs·trices'!$C$6:$C$40,0)),8)),"")} | G57: {=IFERROR(IF((INDEX('2. Collaborateurs·trices'!$A$6:$M$40,(MATCH('3. Prestations'!D57,'2. Collaborateurs·trices'!$C$6:$C$40,0)),10)=0),'1. Configuration'!$C$51,INDEX('2. Collaborateurs·trices'!$A$6:$M$40,(MATCH('3. Prestations'!D57,'2. Collaborateurs·trices'!$C$6:$C$40,0)),10)),IF(E57="","",'1. Configuration'!$C$51))} | H57: {=IFERROR(IF(AND(F57='1. Configuration'!$B$12,G57='1. Configuration'!$C$51),IF((F57='1. Configuration'!$B$12),(VLOOKUP(E57,'1. Configuration'!$A$13:$C$21,2,)),""),""),"")} | L57: {=IFERROR(IF((F57='1. Configuration'!$C$12),(VLOOKUP(E57,'1. Configuration'!$A$13:$C$21,3,)),(IF((G57='1. Configuration'!$B$51),(VLOOKUP(E57,'1. Configuration'!$A$13:$C$21,2,)),""))),"")}
A58: =IF(F58='1. Configuration'!$C$12,"",IF((G58='1. Configuration'!$C$51),(IF(D58>0,(IF(COUNTIF($D$6:D57,D58)>0,"",MAX($A$6:A57)+1)),"")),"")) | B58: {=IF((F58='1. Configuration'!$B$12),(IF(D58>0,(IF(COUNTIF($D$6:D57,D58)>0,"",MAX($B$6:B57)+1)),"")),"")} | C58: =D58&C$50 | F58: {=IFERROR(IF(INDEX('2. Collaborateurs·trices'!$A$6:$M$40,(MATCH('3. Prestations'!D58,'2. Collaborateurs·trices'!$C$6:$C$40,0)),8)=0,'1. Configuration'!$B$12,INDEX('2. Collaborateurs·trices'!$A$6:$M$40,(MATCH('3. Prestations'!D58,'2. Collaborateurs·trices'!$C$6:$C$40,0)),8)),"")} | G58: {=IFERROR(IF((INDEX('2. Collaborateurs·trices'!$A$6:$M$40,(MATCH('3. Prestations'!D58,'2. Collaborateurs·trices'!$C$6:$C$40,0)),10)=0),'1. Configuration'!$C$51,INDEX('2. Collaborateurs·trices'!$A$6:$M$40,(MATCH('3. Prestations'!D58,'2. Collaborateurs·trices'!$C$6:$C$40,0)),10)),IF(E58="","",'1. Configuration'!$C$51))} | H58: {=IFERROR(IF(AND(F58='1. Configuration'!$B$12,G58='1. Configuration'!$C$51),IF((F58='1. Configuration'!$B$12),(VLOOKUP(E58,'1. Configuration'!$A$13:$C$21,2,)),""),""),"")} | L58: {=IFERROR(IF((F58='1. Configuration'!$C$12),(VLOOKUP(E58,'1. Configuration'!$A$13:$C$21,3,)),(IF((G58='1. Configuration'!$B$51),(VLOOKUP(E58,'1. Configuration'!$A$13:$C$21,2,)),""))),"")}
A59: =IF(F59='1. Configuration'!$C$12,"",IF((G59='1. Configuration'!$C$51),(IF(D59>0,(IF(COUNTIF($D$6:D58,D59)>0,"",MAX($A$6:A58)+1)),"")),"")) | B59: {=IF((F59='1. Configuration'!$B$12),(IF(D59>0,(IF(COUNTIF($D$6:D58,D59)>0,"",MAX($B$6:B58)+1)),"")),"")}
A60: =IF(F60='1. Configuration'!$C$12,"",IF((G60='1. Configuration'!$C$51),(IF(D60>0,(IF(COUNTIF($D$6:D59,D60)>0,"",MAX($A$6:A59)+1)),"")),"")) | B60: {=IF((F60='1. Configuration'!$B$12),(IF(D60>0,(IF(COUNTIF($D$6:D59,D60)>0,"",MAX($B$6:B59)+1)),"")),"")} | D60: =TEXT(DAY('1. Configuration'!B29),"00")&"."&TEXT(MONTH('1. Configuration'!B29),"00")&"."&TEXT(YEAR('1. Configuration'!B29),"00")&" | "&'1. Configuration'!A29 | H60: =$H$5 | L60: =$L$5
A61: =IF(F61='1. Configuration'!$C$12,"",IF((G61='1. Configuration'!$C$51),(IF(D61>0,(IF(COUNTIF($D$6:D60,D61)>0,"",MAX($A$6:A60)+1)),"")),"")) | B61: {=IF((F61='1. Configuration'!$B$12),(IF(D61>0,(IF(COUNTIF($D$6:D60,D61)>0,"",MAX($B$6:B60)+1)),"")),"")} | C61: ='1. Configuration'!B29 | D61: =$D$6 | E61: =$E$6 | F61: =$F$6 | G61: =$G$6 | H61: =$H$6 | L61: Cachet | M61: =$M$6
A62: =IF(F62='1. Configuration'!$C$12,"",IF((G62='1. Configuration'!$C$51),(IF(D62>0,(IF(COUNTIF($D$6:D61,D62)>0,"",MAX($A$6:A61)+1)),"")),"")) | B62: {=IF((F62='1. Configuration'!$B$12),(IF(D62>0,(IF(COUNTIF($D$6:D61,D62)>0,"",MAX($B$6:B61)+1)),"")),"")} | C62: =D62&C$61 | F62: {=IFERROR(IF(INDEX('2. Collaborateurs·trices'!$A$6:$M$40,(MATCH('3. Prestations'!D62,'2. Collaborateurs·trices'!$C$6:$C$40,0)),8)=0,'1. Configuration'!$B$12,INDEX('2. Collaborateurs·trices'!$A$6:$M$40,(MATCH('3. Prestations'!D62,'2. Collaborateurs·trices'!$C$6:$C$40,0)),8)),'1. Configuration'!$B$12)} | G62: {=IFERROR(IF((INDEX('2. Collaborateurs·trices'!$A$6:$M$40,(MATCH('3. Prestations'!D62,'2. Collaborateurs·trices'!$C$6:$C$40,0)),10)=0),'1. Configuration'!$C$51,INDEX('2. Collaborateurs·trices'!$A$6:$M$40,(MATCH('3. Prestations'!D62,'2. Collaborateurs·trices'!$C$6:$C$40,0)),10)),IF(E62="","",'1. Configuration'!$C$51))} | H62: {=IFERROR(IF(AND(F62='1. Configuration'!$B$12,G62='1. Configuration'!$C$51),IF((F62='1. Configuration'!$B$12),(VLOOKUP(E62,'1. Configuration'!$A$13:$C$21,2,)),""),""),"")} | L62: {=IFERROR(IF((F62='1. Configuration'!$C$12),(VLOOKUP(E62,'1. Configuration'!$A$13:$C$21,3,)),(IF((G62='1. Configuration'!$B$51),(VLOOKUP(E62,'1. Configuration'!$A$13:$C$21,2,)),""))),"")}
A63: =IF(F63='1. Configuration'!$C$12,"",IF((G63='1. Configuration'!$C$51),(IF(D63>0,(IF(COUNTIF($D$6:D62,D63)>0,"",MAX($A$6:A62)+1)),"")),"")) | B63: {=IF((F63='1. Configuration'!$B$12),(IF(D63>0,(IF(COUNTIF($D$6:D62,D63)>0,"",MAX($B$6:B62)+1)),"")),"")} | C63: =D63&C$61 | F63: {=IFERROR(IF(INDEX('2. Collaborateurs·trices'!$A$6:$M$40,(MATCH('3. Prestations'!D63,'2. Collaborateurs·trices'!$C$6:$C$40,0)),8)=0,'1. Configuration'!$B$12,INDEX('2. Collaborateurs·trices'!$A$6:$M$40,(MATCH('3. Prestations'!D63,'2. Collaborateurs·trices'!$C$6:$C$40,0)),8)),'1. Configuration'!$B$12)} | G63: {=IFERROR(IF((INDEX('2. Collaborateurs·trices'!$A$6:$M$40,(MATCH('3. Prestations'!D63,'2. Collaborateurs·trices'!$C$6:$C$40,0)),10)=0),'1. Configuration'!$C$51,INDEX('2. Collaborateurs·trices'!$A$6:$M$40,(MATCH('3. Prestations'!D63,'2. Collaborateurs·trices'!$C$6:$C$40,0)),10)),IF(E63="","",'1. Configuration'!$C$51))} | H63: {=IFERROR(IF(AND(F63='1. Configuration'!$B$12,G63='1. Configuration'!$C$51),IF((F63='1. Configuration'!$B$12),(VLOOKUP(E63,'1. Configuration'!$A$13:$C$21,2,)),""),""),"")} | L63: {=IFERROR(IF((F63='1. Configuration'!$C$12),(VLOOKUP(E63,'1. Configuration'!$A$13:$C$21,3,)),(IF((G63='1. Configuration'!$B$51),(VLOOKUP(E63,'1. Configuration'!$A$13:$C$21,2,)),""))),"")}
A64: =IF(F64='1. Configuration'!$C$12,"",IF((G64='1. Configuration'!$C$51),(IF(D64>0,(IF(COUNTIF($D$6:D63,D64)>0,"",MAX($A$6:A63)+1)),"")),"")) | B64: {=IF((F64='1. Configuration'!$B$12),(IF(D64>0,(IF(COUNTIF($D$6:D63,D64)>0,"",MAX($B$6:B63)+1)),"")),"")} | C64: =D64&C$61 | F64: {=IFERROR(IF(INDEX('2. Collaborateurs·trices'!$A$6:$M$40,(MATCH('3. Prestations'!D64,'2. Collaborateurs·trices'!$C$6:$C$40,0)),8)=0,'1. Configuration'!$B$12,INDEX('2. Collaborateurs·trices'!$A$6:$M$40,(MATCH('3. Prestations'!D64,'2. Collaborateurs·trices'!$C$6:$C$40,0)),8)),'1. Configuration'!$B$12)} | G64: {=IFERROR(IF((INDEX('2. Collaborateurs·trices'!$A$6:$M$40,(MATCH('3. Prestations'!D64,'2. Collaborateurs·trices'!$C$6:$C$40,0)),10)=0),'1. Configuration'!$C$51,INDEX('2. Collaborateurs·trices'!$A$6:$M$40,(MATCH('3. Prestations'!D64,'2. Collaborateurs·trices'!$C$6:$C$40,0)),10)),IF(E64="","",'1. Configuration'!$C$51))} | H64: {=IFERROR(IF(AND(F64='1. Configuration'!$B$12,G64='1. Configuration'!$C$51),IF((F64='1. Configuration'!$B$12),(VLOOKUP(E64,'1. Configuration'!$A$13:$C$21,2,)),""),""),"")} | L64: {=IFERROR(IF((F64='1. Configuration'!$C$12),(VLOOKUP(E64,'1. Configuration'!$A$13:$C$21,3,)),(IF((G64='1. Configuration'!$B$51),(VLOOKUP(E64,'1. Configuration'!$A$13:$C$21,2,)),""))),"")}
A65: =IF(F65='1. Configuration'!$C$12,"",IF((G65='1. Configuration'!$C$51),(IF(D65>0,(IF(COUNTIF($D$6:D64,D65)>0,"",MAX($A$6:A64)+1)),"")),"")) | B65: {=IF((F65='1. Configuration'!$B$12),(IF(D65>0,(IF(COUNTIF($D$6:D64,D65)>0,"",MAX($B$6:B64)+1)),"")),"")} | C65: =D65&C$61 | F65: {=IFERROR(IF(INDEX('2. Collaborateurs·trices'!$A$6:$M$40,(MATCH('3. Prestations'!D65,'2. Collaborateurs·trices'!$C$6:$C$40,0)),8)=0,'1. Configuration'!$B$12,INDEX('2. Collaborateurs·trices'!$A$6:$M$40,(MATCH('3. Prestations'!D65,'2. Collaborateurs·trices'!$C$6:$C$40,0)),8)),"")} | G65: {=IFERROR(IF((INDEX('2. Collaborateurs·trices'!$A$6:$M$40,(MATCH('3. Prestations'!D65,'2. Collaborateurs·trices'!$C$6:$C$40,0)),10)=0),'1. Configuration'!$C$51,INDEX('2. Collaborateurs·trices'!$A$6:$M$40,(MATCH('3. Prestations'!D65,'2. Collaborateurs·trices'!$C$6:$C$40,0)),10)),IF(E65="","",'1. Configuration'!$C$51))} | H65: {=IFERROR(IF(AND(F65='1. Configuration'!$B$12,G65='1. Configuration'!$C$51),IF((F65='1. Configuration'!$B$12),(VLOOKUP(E65,'1. Configuration'!$A$13:$C$21,2,)),""),""),"")} | L65: {=IFERROR(IF((F65='1. Configuration'!$C$12),(VLOOKUP(E65,'1. Configuration'!$A$13:$C$21,3,)),(IF((G65='1. Configuration'!$B$51),(VLOOKUP(E65,'1. Configuration'!$A$13:$C$21,2,)),""))),"")}
A66: =IF(F66='1. Configuration'!$C$12,"",IF((G66='1. Configuration'!$C$51),(IF(D66>0,(IF(COUNTIF($D$6:D65,D66)>0,"",MAX($A$6:A65)+1)),"")),"")) | B66: {=IF((F66='1. Configuration'!$B$12),(IF(D66>0,(IF(COUNTIF($D$6:D65,D66)>0,"",MAX($B$6:B65)+1)),"")),"")} | C66: =D66&C$61 | F66: {=IFERROR(IF(INDEX('2. Collaborateurs·trices'!$A$6:$M$40,(MATCH('3. Prestations'!D66,'2. Collaborateurs·trices'!$C$6:$C$40,0)),8)=0,'1. Configuration'!$B$12,INDEX('2. Collaborateurs·trices'!$A$6:$M$40,(MATCH('3. Prestations'!D66,'2. Collaborateurs·trices'!$C$6:$C$40,0)),8)),"")} | G66: {=IFERROR(IF((INDEX('2. Collaborateurs·trices'!$A$6:$M$40,(MATCH('3. Prestations'!D66,'2. Collaborateurs·trices'!$C$6:$C$40,0)),10)=0),'1. Configuration'!$C$51,INDEX('2. Collaborateurs·trices'!$A$6:$M$40,(MATCH('3. Prestations'!D66,'2. Collaborateurs·trices'!$C$6:$C$40,0)),10)),IF(E66="","",'1. Configuration'!$C$51))} | H66: {=IFERROR(IF(AND(F66='1. Configuration'!$B$12,G66='1. Configuration'!$C$51),IF((F66='1. Configuration'!$B$12),(VLOOKUP(E66,'1. Configuration'!$A$13:$C$21,2,)),""),""),"")} | L66: {=IFERROR(IF((F66='1. Configuration'!$C$12),(VLOOKUP(E66,'1. Configuration'!$A$13:$C$21,3,)),(IF((G66='1. Configuration'!$B$51),(VLOOKUP(E66,'1. Configuration'!$A$13:$C$21,2,)),""))),"")}
A67: =IF(F67='1. Configuration'!$C$12,"",IF((G67='1. Configuration'!$C$51),(IF(D67>0,(IF(COUNTIF($D$6:D66,D67)>0,"",MAX($A$6:A66)+1)),"")),"")) | B67: {=IF((F67='1. Configuration'!$B$12),(IF(D67>0,(IF(COUNTIF($D$6:D66,D67)>0,"",MAX($B$6:B66)+1)),"")),"")} | C67: =D67&C$61 | F67: {=IFERROR(IF(INDEX('2. Collaborateurs·trices'!$A$6:$M$40,(MATCH('3. Prestations'!D67,'2. Collaborateurs·trices'!$C$6:$C$40,0)),8)=0,'1. Configuration'!$B$12,INDEX('2. Collaborateurs·trices'!$A$6:$M$40,(MATCH('3. Prestations'!D67,'2. Collaborateurs·trices'!$C$6:$C$40,0)),8)),"")} | G67: {=IFERROR(IF((INDEX('2. Collaborateurs·trices'!$A$6:$M$40,(MATCH('3. Prestations'!D67,'2. Collaborateurs·trices'!$C$6:$C$40,0)),10)=0),'1. Configuration'!$C$51,INDEX('2. Collaborateurs·trices'!$A$6:$M$40,(MATCH('3. Prestations'!D67,'2. Collaborateurs·trices'!$C$6:$C$40,0)),10)),IF(E67="","",'1. Configuration'!$C$51))} | H67: {=IFERROR(IF(AND(F67='1. Configuration'!$B$12,G67='1. Configuration'!$C$51),IF((F67='1. Configuration'!$B$12),(VLOOKUP(E67,'1. Configuration'!$A$13:$C$21,2,)),""),""),"")} | L67: {=IFERROR(IF((F67='1. Configuration'!$C$12),(VLOOKUP(E67,'1. Configuration'!$A$13:$C$21,3,)),(IF((G67='1. Configuration'!$B$51),(VLOOKUP(E67,'1. Configuration'!$A$13:$C$21,2,)),""))),"")}
A68: =IF(F68='1. Configuration'!$C$12,"",IF((G68='1. Configuration'!$C$51),(IF(D68>0,(IF(COUNTIF($D$6:D67,D68)>0,"",MAX($A$6:A67)+1)),"")),"")) | B68: {=IF((F68='1. Configuration'!$B$12),(IF(D68>0,(IF(COUNTIF($D$6:D67,D68)>0,"",MAX($B$6:B67)+1)),"")),"")} | C68: =D68&C$61 | F68: {=IFERROR(IF(INDEX('2. Collaborateurs·trices'!$A$6:$M$40,(MATCH('3. Prestations'!D68,'2. Collaborateurs·trices'!$C$6:$C$40,0)),8)=0,'1. Configuration'!$B$12,INDEX('2. Collaborateurs·trices'!$A$6:$M$40,(MATCH('3. Prestations'!D68,'2. Collaborateurs·trices'!$C$6:$C$40,0)),8)),"")} | G68: {=IFERROR(IF((INDEX('2. Collaborateurs·trices'!$A$6:$M$40,(MATCH('3. Prestations'!D68,'2. Collaborateurs·trices'!$C$6:$C$40,0)),10)=0),'1. Configuration'!$C$51,INDEX('2. Collaborateurs·trices'!$A$6:$M$40,(MATCH('3. Prestations'!D68,'2. Collaborateurs·trices'!$C$6:$C$40,0)),10)),IF(E68="","",'1. Configuration'!$C$51))} | H68: {=IFERROR(IF(AND(F68='1. Configuration'!$B$12,G68='1. Configuration'!$C$51),IF((F68='1. Configuration'!$B$12),(VLOOKUP(E68,'1. Configuration'!$A$13:$C$21,2,)),""),""),"")} | L68: {=IFERROR(IF((F68='1. Configuration'!$C$12),(VLOOKUP(E68,'1. Configuration'!$A$13:$C$21,3,)),(IF((G68='1. Configuration'!$B$51),(VLOOKUP(E68,'1. Configuration'!$A$13:$C$21,2,)),""))),"")}
A69: =IF(F69='1. Configuration'!$C$12,"",IF((G69='1. Configuration'!$C$51),(IF(D69>0,(IF(COUNTIF($D$6:D68,D69)>0,"",MAX($A$6:A68)+1)),"")),"")) | B69: {=IF((F69='1. Configuration'!$B$12),(IF(D69>0,(IF(COUNTIF($D$6:D68,D69)>0,"",MAX($B$6:B68)+1)),"")),"")} | C69: =D69&C$61 | F69: {=IFERROR(IF(INDEX('2. Collaborateurs·trices'!$A$6:$M$40,(MATCH('3. Prestations'!D69,'2. Collaborateurs·trices'!$C$6:$C$40,0)),8)=0,'1. Configuration'!$B$12,INDEX('2. Collaborateurs·trices'!$A$6:$M$40,(MATCH('3. Prestations'!D69,'2. Collaborateurs·trices'!$C$6:$C$40,0)),8)),"")} | G69: {=IFERROR(IF((INDEX('2. Collaborateurs·trices'!$A$6:$M$40,(MATCH('3. Prestations'!D69,'2. Collaborateurs·trices'!$C$6:$C$40,0)),10)=0),'1. Configuration'!$C$51,INDEX('2. Collaborateurs·trices'!$A$6:$M$40,(MATCH('3. Prestations'!D69,'2. Collaborateurs·trices'!$C$6:$C$40,0)),10)),IF(E69="","",'1. Configuration'!$C$51))} | H69: {=IFERROR(IF(AND(F69='1. Configuration'!$B$12,G69='1. Configuration'!$C$51),IF((F69='1. Configuration'!$B$12),(VLOOKUP(E69,'1. Configuration'!$A$13:$C$21,2,)),""),""),"")} | L69: {=IFERROR(IF((F69='1. Configuration'!$C$12),(VLOOKUP(E69,'1. Configuration'!$A$13:$C$21,3,)),(IF((G69='1. Configuration'!$B$51),(VLOOKUP(E69,'1. Configuration'!$A$13:$C$21,2,)),""))),"")}
A70: =IF(F70='1. Configuration'!$C$12,"",IF((G70='1. Configuration'!$C$51),(IF(D70>0,(IF(COUNTIF($D$6:D69,D70)>0,"",MAX($A$6:A69)+1)),"")),"")) | B70: {=IF((F70='1. Configuration'!$B$12),(IF(D70>0,(IF(COUNTIF($D$6:D69,D70)>0,"",MAX($B$6:B69)+1)),"")),"")}
A71: =IF(F71='1. Configuration'!$C$12,"",IF((G71='1. Configuration'!$C$51),(IF(D71>0,(IF(COUNTIF($D$6:D70,D71)>0,"",MAX($A$6:A70)+1)),"")),"")) | B71: {=IF((F71='1. Configuration'!$B$12),(IF(D71>0,(IF(COUNTIF($D$6:D70,D71)>0,"",MAX($B$6:B70)+1)),"")),"")} | D71: =TEXT(DAY('1. Configuration'!B30),"00")&"."&TEXT(MONTH('1. Configuration'!B30),"00")&"."&TEXT(YEAR('1. Configuration'!B30),"00")&" | "&'1. Configuration'!A30 | H71: =$H$5 | L71: =$L$5
A72: =IF(F72='1. Configuration'!$C$12,"",IF((G72='1. Configuration'!$C$51),(IF(D72>0,(IF(COUNTIF($D$6:D71,D72)>0,"",MAX($A$6:A71)+1)),"")),"")) | B72: {=IF((F72='1. Configuration'!$B$12),(IF(D72>0,(IF(COUNTIF($D$6:D71,D72)>0,"",MAX($B$6:B71)+1)),"")),"")} | C72: ='1. Configuration'!B30 | D72: =$D$6 | E72: =$E$6 | F72: =$F$6 | G72: =$G$6 | H72: =$H$6 | L72: Cachet | M72: =$M$6
A73: =IF(F73='1. Configuration'!$C$12,"",IF((G73='1. Configuration'!$C$51),(IF(D73>0,(IF(COUNTIF($D$6:D72,D73)>0,"",MAX($A$6:A72)+1)),"")),"")) | B73: {=IF((F73='1. Configuration'!$B$12),(IF(D73>0,(IF(COUNTIF($D$6:D72,D73)>0,"",MAX($B$6:B72)+1)),"")),"")} | C73: =D73&C$72 | F73: {=IFERROR(IF(INDEX('2. Collaborateurs·trices'!$A$6:$M$40,(MATCH('3. Prestations'!D73,'2. Collaborateurs·trices'!$C$6:$C$40,0)),8)=0,'1. Configuration'!$B$12,INDEX('2. Collaborateurs·trices'!$A$6:$M$40,(MATCH('3. Prestations'!D73,'2. Collaborateurs·trices'!$C$6:$C$40,0)),8)),'1. Configuration'!$B$12)} | G73: {=IFERROR(IF((INDEX('2. Collaborateurs·trices'!$A$6:$M$40,(MATCH('3. Prestations'!D73,'2. Collaborateurs·trices'!$C$6:$C$40,0)),10)=0),'1. Configuration'!$C$51,INDEX('2. Collaborateurs·trices'!$A$6:$M$40,(MATCH('3. Prestations'!D73,'2. Collaborateurs·trices'!$C$6:$C$40,0)),10)),IF(E73="","",'1. Configuration'!$C$51))} | H73: {=IFERROR(IF(AND(F73='1. Configuration'!$B$12,G73='1. Configuration'!$C$51),IF((F73='1. Configuration'!$B$12),(VLOOKUP(E73,'1. Configuration'!$A$13:$C$21,2,)),""),""),"")} | L73: {=IFERROR(IF((F73='1. Configuration'!$C$12),(VLOOKUP(E73,'1. Configuration'!$A$13:$C$21,3,)),(IF((G73='1. Configuration'!$B$51),(VLOOKUP(E73,'1. Configuration'!$A$13:$C$21,2,)),""))),"")}
A74: =IF(F74='1. Configuration'!$C$12,"",IF((G74='1. Configuration'!$C$51),(IF(D74>0,(IF(COUNTIF($D$6:D73,D74)>0,"",MAX($A$6:A73)+1)),"")),"")) | B74: {=IF((F74='1. Configuration'!$B$12),(IF(D74>0,(IF(COUNTIF($D$6:D73,D74)>0,"",MAX($B$6:B73)+1)),"")),"")} | C74: =D74&C$72 | F74: {=IFERROR(IF(INDEX('2. Collaborateurs·trices'!$A$6:$M$40,(MATCH('3. Prestations'!D74,'2. Collaborateurs·trices'!$C$6:$C$40,0)),8)=0,'1. Configuration'!$B$12,INDEX('2. Collaborateurs·trices'!$A$6:$M$40,(MATCH('3. Prestations'!D74,'2. Collaborateurs·trices'!$C$6:$C$40,0)),8)),'1. Configuration'!$B$12)} | G74: {=IFERROR(IF((INDEX('2. Collaborateurs·trices'!$A$6:$M$40,(MATCH('3. Prestations'!D74,'2. Collaborateurs·trices'!$C$6:$C$40,0)),10)=0),'1. Configuration'!$C$51,INDEX('2. Collaborateurs·trices'!$A$6:$M$40,(MATCH('3. Prestations'!D74,'2. Collaborateurs·trices'!$C$6:$C$40,0)),10)),IF(E74="","",'1. Configuration'!$C$51))} | H74: {=IFERROR(IF(AND(F74='1. Configuration'!$B$12,G74='1. Configuration'!$C$51),IF((F74='1. Configuration'!$B$12),(VLOOKUP(E74,'1. Configuration'!$A$13:$C$21,2,)),""),""),"")} | L74: {=IFERROR(IF((F74='1. Configuration'!$C$12),(VLOOKUP(E74,'1. Configuration'!$A$13:$C$21,3,)),(IF((G74='1. Configuration'!$B$51),(VLOOKUP(E74,'1. Configuration'!$A$13:$C$21,2,)),""))),"")}
A75: =IF(F75='1. Configuration'!$C$12,"",IF((G75='1. Configuration'!$C$51),(IF(D75>0,(IF(COUNTIF($D$6:D74,D75)>0,"",MAX($A$6:A74)+1)),"")),"")) | B75: {=IF((F75='1. Configuration'!$B$12),(IF(D75>0,(IF(COUNTIF($D$6:D74,D75)>0,"",MAX($B$6:B74)+1)),"")),"")} | C75: =D75&C$72 | F75: {=IFERROR(IF(INDEX('2. Collaborateurs·trices'!$A$6:$M$40,(MATCH('3. Prestations'!D75,'2. Collaborateurs·trices'!$C$6:$C$40,0)),8)=0,'1. Configuration'!$B$12,INDEX('2. Collaborateurs·trices'!$A$6:$M$40,(MATCH('3. Prestations'!D75,'2. Collaborateurs·trices'!$C$6:$C$40,0)),8)),'1. Configuration'!$B$12)} | G75: {=IFERROR(IF((INDEX('2. Collaborateurs·trices'!$A$6:$M$40,(MATCH('3. Prestations'!D75,'2. Collaborateurs·trices'!$C$6:$C$40,0)),10)=0),'1. Configuration'!$C$51,INDEX('2. Collaborateurs·trices'!$A$6:$M$40,(MATCH('3. Prestations'!D75,'2. Collaborateurs·trices'!$C$6:$C$40,0)),10)),IF(E75="","",'1. Configuration'!$C$51))} | H75: {=IFERROR(IF(AND(F75='1. Configuration'!$B$12,G75='1. Configuration'!$C$51),IF((F75='1. Configuration'!$B$12),(VLOOKUP(E75,'1. Configuration'!$A$13:$C$21,2,)),""),""),"")} | L75: {=IFERROR(IF((F75='1. Configuration'!$C$12),(VLOOKUP(E75,'1. Configuration'!$A$13:$C$21,3,)),(IF((G75='1. Configuration'!$B$51),(VLOOKUP(E75,'1. Configuration'!$A$13:$C$21,2,)),""))),"")}
A76: =IF(F76='1. Configuration'!$C$12,"",IF((G76='1. Configuration'!$C$51),(IF(D76>0,(IF(COUNTIF($D$6:D75,D76)>0,"",MAX($A$6:A75)+1)),"")),"")) | B76: {=IF((F76='1. Configuration'!$B$12),(IF(D76>0,(IF(COUNTIF($D$6:D75,D76)>0,"",MAX($B$6:B75)+1)),"")),"")} | C76: =D76&C$72 | F76: {=IFERROR(IF(INDEX('2. Collaborateurs·trices'!$A$6:$M$40,(MATCH('3. Prestations'!D76,'2. Collaborateurs·trices'!$C$6:$C$40,0)),8)=0,'1. Configuration'!$B$12,INDEX('2. Collaborateurs·trices'!$A$6:$M$40,(MATCH('3. Prestations'!D76,'2. Collaborateurs·trices'!$C$6:$C$40,0)),8)),"")} | G76: {=IFERROR(IF((INDEX('2. Collaborateurs·trices'!$A$6:$M$40,(MATCH('3. Prestations'!D76,'2. Collaborateurs·trices'!$C$6:$C$40,0)),10)=0),'1. Configuration'!$C$51,INDEX('2. Collaborateurs·trices'!$A$6:$M$40,(MATCH('3. Prestations'!D76,'2. Collaborateurs·trices'!$C$6:$C$40,0)),10)),IF(E76="","",'1. Configuration'!$C$51))} | H76: {=IFERROR(IF(AND(F76='1. Configuration'!$B$12,G76='1. Configuration'!$C$51),IF((F76='1. Configuration'!$B$12),(VLOOKUP(E76,'1. Configuration'!$A$13:$C$21,2,)),""),""),"")} | L76: {=IFERROR(IF((F76='1. Configuration'!$C$12),(VLOOKUP(E76,'1. Configuration'!$A$13:$C$21,3,)),(IF((G76='1. Configuration'!$B$51),(VLOOKUP(E76,'1. Configuration'!$A$13:$C$21,2,)),""))),"")}
A77: =IF(F77='1. Configuration'!$C$12,"",IF((G77='1. Configuration'!$C$51),(IF(D77>0,(IF(COUNTIF($D$6:D76,D77)>0,"",MAX($A$6:A76)+1)),"")),"")) | B77: {=IF((F77='1. Configuration'!$B$12),(IF(D77>0,(IF(COUNTIF($D$6:D76,D77)>0,"",MAX($B$6:B76)+1)),"")),"")} | C77: =D77&C$72 | F77: {=IFERROR(IF(INDEX('2. Collaborateurs·trices'!$A$6:$M$40,(MATCH('3. Prestations'!D77,'2. Collaborateurs·trices'!$C$6:$C$40,0)),8)=0,'1. Configuration'!$B$12,INDEX('2. Collaborateurs·trices'!$A$6:$M$40,(MATCH('3. Prestations'!D77,'2. Collaborateurs·trices'!$C$6:$C$40,0)),8)),"")} | G77: {=IFERROR(IF((INDEX('2. Collaborateurs·trices'!$A$6:$M$40,(MATCH('3. Prestations'!D77,'2. Collaborateurs·trices'!$C$6:$C$40,0)),10)=0),'1. Configuration'!$C$51,INDEX('2. Collaborateurs·trices'!$A$6:$M$40,(MATCH('3. Prestations'!D77,'2. Collaborateurs·trices'!$C$6:$C$40,0)),10)),IF(E77="","",'1. Configuration'!$C$51))} | H77: {=IFERROR(IF(AND(F77='1. Configuration'!$B$12,G77='1. Configuration'!$C$51),IF((F77='1. Configuration'!$B$12),(VLOOKUP(E77,'1. Configuration'!$A$13:$C$21,2,)),""),""),"")} | L77: {=IFERROR(IF((F77='1. Configuration'!$C$12),(VLOOKUP(E77,'1. Configuration'!$A$13:$C$21,3,)),(IF((G77='1. Configuration'!$B$51),(VLOOKUP(E77,'1. Configuration'!$A$13:$C$21,2,)),""))),"")}
A78: =IF(F78='1. Configuration'!$C$12,"",IF((G78='1. Configuration'!$C$51),(IF(D78>0,(IF(COUNTIF($D$6:D77,D78)>0,"",MAX($A$6:A77)+1)),"")),"")) | B78: {=IF((F78='1. Configuration'!$B$12),(IF(D78>0,(IF(COUNTIF($D$6:D77,D78)>0,"",MAX($B$6:B77)+1)),"")),"")} | C78: =D78&C$72 | F78: {=IFERROR(IF(INDEX('2. Collaborateurs·trices'!$A$6:$M$40,(MATCH('3. Prestations'!D78,'2. Collaborateurs·trices'!$C$6:$C$40,0)),8)=0,'1. Configuration'!$B$12,INDEX('2. Collaborateurs·trices'!$A$6:$M$40,(MATCH('3. Prestations'!D78,'2. Collaborateurs·trices'!$C$6:$C$40,0)),8)),"")} | G78: {=IFERROR(IF((INDEX('2. Collaborateurs·trices'!$A$6:$M$40,(MATCH('3. Prestations'!D78,'2. Collaborateurs·trices'!$C$6:$C$40,0)),10)=0),'1. Configuration'!$C$51,INDEX('2. Collaborateurs·trices'!$A$6:$M$40,(MATCH('3. Prestations'!D78,'2. Collaborateurs·trices'!$C$6:$C$40,0)),10)),IF(E78="","",'1. Configuration'!$C$51))} | H78: {=IFERROR(IF(AND(F78='1. Configuration'!$B$12,G78='1. Configuration'!$C$51),IF((F78='1. Configuration'!$B$12),(VLOOKUP(E78,'1. Configuration'!$A$13:$C$21,2,)),""),""),"")} | L78: {=IFERROR(IF((F78='1. Configuration'!$C$12),(VLOOKUP(E78,'1. Configuration'!$A$13:$C$21,3,)),(IF((G78='1. Configuration'!$B$51),(VLOOKUP(E78,'1. Configuration'!$A$13:$C$21,2,)),""))),"")}
A79: =IF(F79='1. Configuration'!$C$12,"",IF((G79='1. Configuration'!$C$51),(IF(D79>0,(IF(COUNTIF($D$6:D78,D79)>0,"",MAX($A$6:A78)+1)),"")),"")) | B79: {=IF((F79='1. Configuration'!$B$12),(IF(D79>0,(IF(COUNTIF($D$6:D78,D79)>0,"",MAX($B$6:B78)+1)),"")),"")} | C79: =D79&C$72 | F79: {=IFERROR(IF(INDEX('2. Collaborateurs·trices'!$A$6:$M$40,(MATCH('3. Prestations'!D79,'2. Collaborateurs·trices'!$C$6:$C$40,0)),8)=0,'1. Configuration'!$B$12,INDEX('2. Collaborateurs·trices'!$A$6:$M$40,(MATCH('3. Prestations'!D79,'2. Collaborateurs·trices'!$C$6:$C$40,0)),8)),"")} | G79: {=IFERROR(IF((INDEX('2. Collaborateurs·trices'!$A$6:$M$40,(MATCH('3. Prestations'!D79,'2. Collaborateurs·trices'!$C$6:$C$40,0)),10)=0),'1. Configuration'!$C$51,INDEX('2. Collaborateurs·trices'!$A$6:$M$40,(MATCH('3. Prestations'!D79,'2. Collaborateurs·trices'!$C$6:$C$40,0)),10)),IF(E79="","",'1. Configuration'!$C$51))} | H79: {=IFERROR(IF(AND(F79='1. Configuration'!$B$12,G79='1. Configuration'!$C$51),IF((F79='1. Configuration'!$B$12),(VLOOKUP(E79,'1. Configuration'!$A$13:$C$21,2,)),""),""),"")} | L79: {=IFERROR(IF((F79='1. Configuration'!$C$12),(VLOOKUP(E79,'1. Configuration'!$A$13:$C$21,3,)),(IF((G79='1. Configuration'!$B$51),(VLOOKUP(E79,'1. Configuration'!$A$13:$C$21,2,)),""))),"")}
A80: =IF(F80='1. Configuration'!$C$12,"",IF((G80='1. Configuration'!$C$51),(IF(D80>0,(IF(COUNTIF($D$6:D79,D80)>0,"",MAX($A$6:A79)+1)),"")),"")) | B80: {=IF((F80='1. Configuration'!$B$12),(IF(D80>0,(IF(COUNTIF($D$6:D79,D80)>0,"",MAX($B$6:B79)+1)),"")),"")} | C80: =D80&C$72 | F80: {=IFERROR(IF(INDEX('2. Collaborateurs·trices'!$A$6:$M$40,(MATCH('3. Prestations'!D80,'2. Collaborateurs·trices'!$C$6:$C$40,0)),8)=0,'1. Configuration'!$B$12,INDEX('2. Collaborateurs·trices'!$A$6:$M$40,(MATCH('3. Prestations'!D80,'2. Collaborateurs·trices'!$C$6:$C$40,0)),8)),"")} | G80: {=IFERROR(IF((INDEX('2. Collaborateurs·trices'!$A$6:$M$40,(MATCH('3. Prestations'!D80,'2. Collaborateurs·trices'!$C$6:$C$40,0)),10)=0),'1. Configuration'!$C$51,INDEX('2. Collaborateurs·trices'!$A$6:$M$40,(MATCH('3. Prestations'!D80,'2. Collaborateurs·trices'!$C$6:$C$40,0)),10)),IF(E80="","",'1. Configuration'!$C$51))} | H80: {=IFERROR(IF(AND(F80='1. Configuration'!$B$12,G80='1. Configuration'!$C$51),IF((F80='1. Configuration'!$B$12),(VLOOKUP(E80,'1. Configuration'!$A$13:$C$21,2,)),""),""),"")} | L80: {=IFERROR(IF((F80='1. Configuration'!$C$12),(VLOOKUP(E80,'1. Configuration'!$A$13:$C$21,3,)),(IF((G80='1. Configuration'!$B$51),(VLOOKUP(E80,'1. Configuration'!$A$13:$C$21,2,)),""))),"")}
A81: =IF(F81='1. Configuration'!$C$12,"",IF((G81='1. Configuration'!$C$51),(IF(D81>0,(IF(COUNTIF($D$6:D80,D81)>0,"",MAX($A$6:A80)+1)),"")),"")) | B81: {=IF((F81='1. Configuration'!$B$12),(IF(D81>0,(IF(COUNTIF($D$6:D80,D81)>0,"",MAX($B$6:B80)+1)),"")),"")}
A82: =IF(F82='1. Configuration'!$C$12,"",IF((G82='1. Configuration'!$C$51),(IF(D82>0,(IF(COUNTIF($D$6:D81,D82)>0,"",MAX($A$6:A81)+1)),"")),"")) | B82: {=IF((F82='1. Configuration'!$B$12),(IF(D82>0,(IF(COUNTIF($D$6:D81,D82)>0,"",MAX($B$6:B81)+1)),"")),"")} | D82: =TEXT(DAY('1. Configuration'!B31),"00")&"."&TEXT(MONTH('1. Configuration'!B31),"00")&"."&TEXT(YEAR('1. Configuration'!B31),"00")&" | "&'1. Configuration'!A31 | H82: =$H$5 | L82: =$L$5
A83: =IF(F83='1. Configuration'!$C$12,"",IF((G83='1. Configuration'!$C$51),(IF(D83>0,(IF(COUNTIF($D$6:D82,D83)>0,"",MAX($A$6:A82)+1)),"")),"")) | B83: {=IF((F83='1. Configuration'!$B$12),(IF(D83>0,(IF(COUNTIF($D$6:D82,D83)>0,"",MAX($B$6:B82)+1)),"")),"")} | C83: ='1. Configuration'!B31 | D83: =$D$6 | E83: =$E$6 | F83: =$F$6 | G83: =$G$6 | H83: =$H$6 | L83: Cachet | M83: =$M$6
A84: =IF(F84='1. Configuration'!$C$12,"",IF((G84='1. Configuration'!$C$51),(IF(D84>0,(IF(COUNTIF($D$6:D83,D84)>0,"",MAX($A$6:A83)+1)),"")),"")) | B84: {=IF((F84='1. Configuration'!$B$12),(IF(D84>0,(IF(COUNTIF($D$6:D83,D84)>0,"",MAX($B$6:B83)+1)),"")),"")} | C84: =D84&C$83 | F84: {=IFERROR(IF(INDEX('2. Collaborateurs·trices'!$A$6:$M$40,(MATCH('3. Prestations'!D84,'2. Collaborateurs·trices'!$C$6:$C$40,0)),8)=0,'1. Configuration'!$B$12,INDEX('2. Collaborateurs·trices'!$A$6:$M$40,(MATCH('3. Prestations'!D84,'2. Collaborateurs·trices'!$C$6:$C$40,0)),8)),'1. Configuration'!$B$12)} | G84: {=IFERROR(IF((INDEX('2. Collaborateurs·trices'!$A$6:$M$40,(MATCH('3. Prestations'!D84,'2. Collaborateurs·trices'!$C$6:$C$40,0)),10)=0),'1. Configuration'!$C$51,INDEX('2. Collaborateurs·trices'!$A$6:$M$40,(MATCH('3. Prestations'!D84,'2. Collaborateurs·trices'!$C$6:$C$40,0)),10)),IF(E84="","",'1. Configuration'!$C$51))} | H84: {=IFERROR(IF(AND(F84='1. Configuration'!$B$12,G84='1. Configuration'!$C$51),IF((F84='1. Configuration'!$B$12),(VLOOKUP(E84,'1. Configuration'!$A$13:$C$21,2,)),""),""),"")} | L84: {=IFERROR(IF((F84='1. Configuration'!$C$12),(VLOOKUP(E84,'1. Configuration'!$A$13:$C$21,3,)),(IF((G84='1. Configuration'!$B$51),(VLOOKUP(E84,'1. Configuration'!$A$13:$C$21,2,)),""))),"")}
A85: =IF(F85='1. Configuration'!$C$12,"",IF((G85='1. Configuration'!$C$51),(IF(D85>0,(IF(COUNTIF($D$6:D84,D85)>0,"",MAX($A$6:A84)+1)),"")),"")) | B85: {=IF((F85='1. Configuration'!$B$12),(IF(D85>0,(IF(COUNTIF($D$6:D84,D85)>0,"",MAX($B$6:B84)+1)),"")),"")} | C85: =D85&C$83 | F85: {=IFERROR(IF(INDEX('2. Collaborateurs·trices'!$A$6:$M$40,(MATCH('3. Prestations'!D85,'2. Collaborateurs·trices'!$C$6:$C$40,0)),8)=0,'1. Configuration'!$B$12,INDEX('2. Collaborateurs·trices'!$A$6:$M$40,(MATCH('3. Prestations'!D85,'2. Collaborateurs·trices'!$C$6:$C$40,0)),8)),'1. Configuration'!$B$12)} | G85: {=IFERROR(IF((INDEX('2. Collaborateurs·trices'!$A$6:$M$40,(MATCH('3. Prestations'!D85,'2. Collaborateurs·trices'!$C$6:$C$40,0)),10)=0),'1. Configuration'!$C$51,INDEX('2. Collaborateurs·trices'!$A$6:$M$40,(MATCH('3. Prestations'!D85,'2. Collaborateurs·trices'!$C$6:$C$40,0)),10)),IF(E85="","",'1. Configuration'!$C$51))} | H85: {=IFERROR(IF(AND(F85='1. Configuration'!$B$12,G85='1. Configuration'!$C$51),IF((F85='1. Configuration'!$B$12),(VLOOKUP(E85,'1. Configuration'!$A$13:$C$21,2,)),""),""),"")} | L85: {=IFERROR(IF((F85='1. Configuration'!$C$12),(VLOOKUP(E85,'1. Configuration'!$A$13:$C$21,3,)),(IF((G85='1. Configuration'!$B$51),(VLOOKUP(E85,'1. Configuration'!$A$13:$C$21,2,)),""))),"")}
A86: =IF(F86='1. Configuration'!$C$12,"",IF((G86='1. Configuration'!$C$51),(IF(D86>0,(IF(COUNTIF($D$6:D85,D86)>0,"",MAX($A$6:A85)+1)),"")),"")) | B86: {=IF((F86='1. Configuration'!$B$12),(IF(D86>0,(IF(COUNTIF($D$6:D85,D86)>0,"",MAX($B$6:B85)+1)),"")),"")} | C86: =D86&C$83 | F86: {=IFERROR(IF(INDEX('2. Collaborateurs·trices'!$A$6:$M$40,(MATCH('3. Prestations'!D86,'2. Collaborateurs·trices'!$C$6:$C$40,0)),8)=0,'1. Configuration'!$B$12,INDEX('2. Collaborateurs·trices'!$A$6:$M$40,(MATCH('3. Prestations'!D86,'2. Collaborateurs·trices'!$C$6:$C$40,0)),8)),'1. Configuration'!$B$12)} | G86: {=IFERROR(IF((INDEX('2. Collaborateurs·trices'!$A$6:$M$40,(MATCH('3. Prestations'!D86,'2. Collaborateurs·trices'!$C$6:$C$40,0)),10)=0),'1. Configuration'!$C$51,INDEX('2. Collaborateurs·trices'!$A$6:$M$40,(MATCH('3. Prestations'!D86,'2. Collaborateurs·trices'!$C$6:$C$40,0)),10)),IF(E86="","",'1. Configuration'!$C$51))} | H86: {=IFERROR(IF(AND(F86='1. Configuration'!$B$12,G86='1. Configuration'!$C$51),IF((F86='1. Configuration'!$B$12),(VLOOKUP(E86,'1. Configuration'!$A$13:$C$21,2,)),""),""),"")} | L86: {=IFERROR(IF((F86='1. Configuration'!$C$12),(VLOOKUP(E86,'1. Configuration'!$A$13:$C$21,3,)),(IF((G86='1. Configuration'!$B$51),(VLOOKUP(E86,'1. Configuration'!$A$13:$C$21,2,)),""))),"")}
A87: =IF(F87='1. Configuration'!$C$12,"",IF((G87='1. Configuration'!$C$51),(IF(D87>0,(IF(COUNTIF($D$6:D86,D87)>0,"",MAX($A$6:A86)+1)),"")),"")) | B87: {=IF((F87='1. Configuration'!$B$12),(IF(D87>0,(IF(COUNTIF($D$6:D86,D87)>0,"",MAX($B$6:B86)+1)),"")),"")} | C87: =D87&C$83 | F87: {=IFERROR(IF(INDEX('2. Collaborateurs·trices'!$A$6:$M$40,(MATCH('3. Prestations'!D87,'2. Collaborateurs·trices'!$C$6:$C$40,0)),8)=0,'1. Configuration'!$B$12,INDEX('2. Collaborateurs·trices'!$A$6:$M$40,(MATCH('3. Prestations'!D87,'2. Collaborateurs·trices'!$C$6:$C$40,0)),8)),"")} | G87: {=IFERROR(IF((INDEX('2. Collaborateurs·trices'!$A$6:$M$40,(MATCH('3. Prestations'!D87,'2. Collaborateurs·trices'!$C$6:$C$40,0)),10)=0),'1. Configuration'!$C$51,INDEX('2. Collaborateurs·trices'!$A$6:$M$40,(MATCH('3. Prestations'!D87,'2. Collaborateurs·trices'!$C$6:$C$40,0)),10)),IF(E87="","",'1. Configuration'!$C$51))} | H87: {=IFERROR(IF(AND(F87='1. Configuration'!$B$12,G87='1. Configuration'!$C$51),IF((F87='1. Configuration'!$B$12),(VLOOKUP(E87,'1. Configuration'!$A$13:$C$21,2,)),""),""),"")} | L87: {=IFERROR(IF((F87='1. Configuration'!$C$12),(VLOOKUP(E87,'1. Configuration'!$A$13:$C$21,3,)),(IF((G87='1. Configuration'!$B$51),(VLOOKUP(E87,'1. Configuration'!$A$13:$C$21,2,)),""))),"")}
A88: =IF(F88='1. Configuration'!$C$12,"",IF((G88='1. Configuration'!$C$51),(IF(D88>0,(IF(COUNTIF($D$6:D87,D88)>0,"",MAX($A$6:A87)+1)),"")),"")) | B88: {=IF((F88='1. Configuration'!$B$12),(IF(D88>0,(IF(COUNTIF($D$6:D87,D88)>0,"",MAX($B$6:B87)+1)),"")),"")} | C88: =D88&C$83 | F88: {=IFERROR(IF(INDEX('2. Collaborateurs·trices'!$A$6:$M$40,(MATCH('3. Prestations'!D88,'2. Collaborateurs·trices'!$C$6:$C$40,0)),8)=0,'1. Configuration'!$B$12,INDEX('2. Collaborateurs·trices'!$A$6:$M$40,(MATCH('3. Prestations'!D88,'2. Collaborateurs·trices'!$C$6:$C$40,0)),8)),"")} | G88: {=IFERROR(IF((INDEX('2. Collaborateurs·trices'!$A$6:$M$40,(MATCH('3. Prestations'!D88,'2. Collaborateurs·trices'!$C$6:$C$40,0)),10)=0),'1. Configuration'!$C$51,INDEX('2. Collaborateurs·trices'!$A$6:$M$40,(MATCH('3. Prestations'!D88,'2. Collaborateurs·trices'!$C$6:$C$40,0)),10)),IF(E88="","",'1. Configuration'!$C$51))} | H88: {=IFERROR(IF(AND(F88='1. Configuration'!$B$12,G88='1. Configuration'!$C$51),IF((F88='1. Configuration'!$B$12),(VLOOKUP(E88,'1. Configuration'!$A$13:$C$21,2,)),""),""),"")} | L88: {=IFERROR(IF((F88='1. Configuration'!$C$12),(VLOOKUP(E88,'1. Configuration'!$A$13:$C$21,3,)),(IF((G88='1. Configuration'!$B$51),(VLOOKUP(E88,'1. Configuration'!$A$13:$C$21,2,)),""))),"")}
A89: =IF(F89='1. Configuration'!$C$12,"",IF((G89='1. Configuration'!$C$51),(IF(D89>0,(IF(COUNTIF($D$6:D88,D89)>0,"",MAX($A$6:A88)+1)),"")),"")) | B89: {=IF((F89='1. Configuration'!$B$12),(IF(D89>0,(IF(COUNTIF($D$6:D88,D89)>0,"",MAX($B$6:B88)+1)),"")),"")} | C89: =D89&C$83 | F89: {=IFERROR(IF(INDEX('2. Collaborateurs·trices'!$A$6:$M$40,(MATCH('3. Prestations'!D89,'2. Collaborateurs·trices'!$C$6:$C$40,0)),8)=0,'1. Configuration'!$B$12,INDEX('2. Collaborateurs·trices'!$A$6:$M$40,(MATCH('3. Prestations'!D89,'2. Collaborateurs·trices'!$C$6:$C$40,0)),8)),"")} | G89: {=IFERROR(IF((INDEX('2. Collaborateurs·trices'!$A$6:$M$40,(MATCH('3. Prestations'!D89,'2. Collaborateurs·trices'!$C$6:$C$40,0)),10)=0),'1. Configuration'!$C$51,INDEX('2. Collaborateurs·trices'!$A$6:$M$40,(MATCH('3. Prestations'!D89,'2. Collaborateurs·trices'!$C$6:$C$40,0)),10)),IF(E89="","",'1. Configuration'!$C$51))} | H89: {=IFERROR(IF(AND(F89='1. Configuration'!$B$12,G89='1. Configuration'!$C$51),IF((F89='1. Configuration'!$B$12),(VLOOKUP(E89,'1. Configuration'!$A$13:$C$21,2,)),""),""),"")} | L89: {=IFERROR(IF((F89='1. Configuration'!$C$12),(VLOOKUP(E89,'1. Configuration'!$A$13:$C$21,3,)),(IF((G89='1. Configuration'!$B$51),(VLOOKUP(E89,'1. Configuration'!$A$13:$C$21,2,)),""))),"")}
A90: =IF(F90='1. Configuration'!$C$12,"",IF((G90='1. Configuration'!$C$51),(IF(D90>0,(IF(COUNTIF($D$6:D89,D90)>0,"",MAX($A$6:A89)+1)),"")),"")) | B90: {=IF((F90='1. Configuration'!$B$12),(IF(D90>0,(IF(COUNTIF($D$6:D89,D90)>0,"",MAX($B$6:B89)+1)),"")),"")} | C90: =D90&C$83 | F90: {=IFERROR(IF(INDEX('2. Collaborateurs·trices'!$A$6:$M$40,(MATCH('3. Prestations'!D90,'2. Collaborateurs·trices'!$C$6:$C$40,0)),8)=0,'1. Configuration'!$B$12,INDEX('2. Collaborateurs·trices'!$A$6:$M$40,(MATCH('3. Prestations'!D90,'2. Collaborateurs·trices'!$C$6:$C$40,0)),8)),"")} | G90: {=IFERROR(IF((INDEX('2. Collaborateurs·trices'!$A$6:$M$40,(MATCH('3. Prestations'!D90,'2. Collaborateurs·trices'!$C$6:$C$40,0)),10)=0),'1. Configuration'!$C$51,INDEX('2. Collaborateurs·trices'!$A$6:$M$40,(MATCH('3. Prestations'!D90,'2. Collaborateurs·trices'!$C$6:$C$40,0)),10)),IF(E90="","",'1. Configuration'!$C$51))} | H90: {=IFERROR(IF(AND(F90='1. Configuration'!$B$12,G90='1. Configuration'!$C$51),IF((F90='1. Configuration'!$B$12),(VLOOKUP(E90,'1. Configuration'!$A$13:$C$21,2,)),""),""),"")} | L90: {=IFERROR(IF((F90='1. Configuration'!$C$12),(VLOOKUP(E90,'1. Configuration'!$A$13:$C$21,3,)),(IF((G90='1. Configuration'!$B$51),(VLOOKUP(E90,'1. Configuration'!$A$13:$C$21,2,)),""))),"")}
A91: =IF(F91='1. Configuration'!$C$12,"",IF((G91='1. Configuration'!$C$51),(IF(D91>0,(IF(COUNTIF($D$6:D90,D91)>0,"",MAX($A$6:A90)+1)),"")),"")) | B91: {=IF((F91='1. Configuration'!$B$12),(IF(D91>0,(IF(COUNTIF($D$6:D90,D91)>0,"",MAX($B$6:B90)+1)),"")),"")} | C91: =D91&C$83 | F91: {=IFERROR(IF(INDEX('2. Collaborateurs·trices'!$A$6:$M$40,(MATCH('3. Prestations'!D91,'2. Collaborateurs·trices'!$C$6:$C$40,0)),8)=0,'1. Configuration'!$B$12,INDEX('2. Collaborateurs·trices'!$A$6:$M$40,(MATCH('3. Prestations'!D91,'2. Collaborateurs·trices'!$C$6:$C$40,0)),8)),"")} | G91: {=IFERROR(IF((INDEX('2. Collaborateurs·trices'!$A$6:$M$40,(MATCH('3. Prestations'!D91,'2. Collaborateurs·trices'!$C$6:$C$40,0)),10)=0),'1. Configuration'!$C$51,INDEX('2. Collaborateurs·trices'!$A$6:$M$40,(MATCH('3. Prestations'!D91,'2. Collaborateurs·trices'!$C$6:$C$40,0)),10)),IF(E91="","",'1. Configuration'!$C$51))} | H91: {=IFERROR(IF(AND(F91='1. Configuration'!$B$12,G91='1. Configuration'!$C$51),IF((F91='1. Configuration'!$B$12),(VLOOKUP(E91,'1. Configuration'!$A$13:$C$21,2,)),""),""),"")} | L91: {=IFERROR(IF((F91='1. Configuration'!$C$12),(VLOOKUP(E91,'1. Configuration'!$A$13:$C$21,3,)),(IF((G91='1. Configuration'!$B$51),(VLOOKUP(E91,'1. Configuration'!$A$13:$C$21,2,)),""))),"")}
A92: =IF(F92='1. Configuration'!$C$12,"",IF((G92='1. Configuration'!$C$51),(IF(D92>0,(IF(COUNTIF($D$6:D91,D92)>0,"",MAX($A$6:A91)+1)),"")),"")) | B92: {=IF((F92='1. Configuration'!$B$12),(IF(D92>0,(IF(COUNTIF($D$6:D91,D92)>0,"",MAX($B$6:B91)+1)),"")),"")}
A93: =IF(F93='1. Configuration'!$C$12,"",IF((G93='1. Configuration'!$C$51),(IF(D93>0,(IF(COUNTIF($D$6:D92,D93)>0,"",MAX($A$6:A92)+1)),"")),"")) | B93: {=IF((F93='1. Configuration'!$B$12),(IF(D93>0,(IF(COUNTIF($D$6:D92,D93)>0,"",MAX($B$6:B92)+1)),"")),"")} | D93: =TEXT(DAY('1. Configuration'!B32),"00")&"."&TEXT(MONTH('1. Configuration'!B32),"00")&"."&TEXT(YEAR('1. Configuration'!B32),"00")&" | "&'1. Configuration'!A32 | H93: =$H$5 | L93: =$L$5
A94: =IF(F94='1. Configuration'!$C$12,"",IF((G94='1. Configuration'!$C$51),(IF(D94>0,(IF(COUNTIF($D$6:D93,D94)>0,"",MAX($A$6:A93)+1)),"")),"")) | B94: {=IF((F94='1. Configuration'!$B$12),(IF(D94>0,(IF(COUNTIF($D$6:D93,D94)>0,"",MAX($B$6:B93)+1)),"")),"")} | C94: ='1. Configuration'!B32 | D94: =$D$6 | E94: =$E$6 | F94: =$F$6 | G94: =$G$6 | H94: =$H$6 | L94: Cachet | M94: =$M$6
A95: =IF(F95='1. Configuration'!$C$12,"",IF((G95='1. Configuration'!$C$51),(IF(D95>0,(IF(COUNTIF($D$6:D94,D95)>0,"",MAX($A$6:A94)+1)),"")),"")) | B95: {=IF((F95='1. Configuration'!$B$12),(IF(D95>0,(IF(COUNTIF($D$6:D94,D95)>0,"",MAX($B$6:B94)+1)),"")),"")} | C95: =D95&C$94 | F95: {=IFERROR(IF(INDEX('2. Collaborateurs·trices'!$A$6:$M$40,(MATCH('3. Prestations'!D95,'2. Collaborateurs·trices'!$C$6:$C$40,0)),8)=0,'1. Configuration'!$B$12,INDEX('2. Collaborateurs·trices'!$A$6:$M$40,(MATCH('3. Prestations'!D95,'2. Collaborateurs·trices'!$C$6:$C$40,0)),8)),'1. Configuration'!$B$12)} | G95: {=IFERROR(IF((INDEX('2. Collaborateurs·trices'!$A$6:$M$40,(MATCH('3. Prestations'!D95,'2. Collaborateurs·trices'!$C$6:$C$40,0)),10)=0),'1. Configuration'!$C$51,INDEX('2. Collaborateurs·trices'!$A$6:$M$40,(MATCH('3. Prestations'!D95,'2. Collaborateurs·trices'!$C$6:$C$40,0)),10)),IF(E95="","",'1. Configuration'!$C$51))} | H95: {=IFERROR(IF(AND(F95='1. Configuration'!$B$12,G95='1. Configuration'!$C$51),IF((F95='1. Configuration'!$B$12),(VLOOKUP(E95,'1. Configuration'!$A$13:$C$21,2,)),""),""),"")} | L95: {=IFERROR(IF((F95='1. Configuration'!$C$12),(VLOOKUP(E95,'1. Configuration'!$A$13:$C$21,3,)),(IF((G95='1. Configuration'!$B$51),(VLOOKUP(E95,'1. Configuration'!$A$13:$C$21,2,)),""))),"")}
A96: =IF(F96='1. Configuration'!$C$12,"",IF((G96='1. Configuration'!$C$51),(IF(D96>0,(IF(COUNTIF($D$6:D95,D96)>0,"",MAX($A$6:A95)+1)),"")),"")) | B96: {=IF((F96='1. Configuration'!$B$12),(IF(D96>0,(IF(COUNTIF($D$6:D95,D96)>0,"",MAX($B$6:B95)+1)),"")),"")} | C96: =D96&C$94 | F96: {=IFERROR(IF(INDEX('2. Collaborateurs·trices'!$A$6:$M$40,(MATCH('3. Prestations'!D96,'2. Collaborateurs·trices'!$C$6:$C$40,0)),8)=0,'1. Configuration'!$B$12,INDEX('2. Collaborateurs·trices'!$A$6:$M$40,(MATCH('3. Prestations'!D96,'2. Collaborateurs·trices'!$C$6:$C$40,0)),8)),'1. Configuration'!$B$12)} | G96: {=IFERROR(IF((INDEX('2. Collaborateurs·trices'!$A$6:$M$40,(MATCH('3. Prestations'!D96,'2. Collaborateurs·trices'!$C$6:$C$40,0)),10)=0),'1. Configuration'!$C$51,INDEX('2. Collaborateurs·trices'!$A$6:$M$40,(MATCH('3. Prestations'!D96,'2. Collaborateurs·trices'!$C$6:$C$40,0)),10)),IF(E96="","",'1. Configuration'!$C$51))} | H96: {=IFERROR(IF(AND(F96='1. Configuration'!$B$12,G96='1. Configuration'!$C$51),IF((F96='1. Configuration'!$B$12),(VLOOKUP(E96,'1. Configuration'!$A$13:$C$21,2,)),""),""),"")} | L96: {=IFERROR(IF((F96='1. Configuration'!$C$12),(VLOOKUP(E96,'1. Configuration'!$A$13:$C$21,3,)),(IF((G96='1. Configuration'!$B$51),(VLOOKUP(E96,'1. Configuration'!$A$13:$C$21,2,)),""))),"")}
A97: =IF(F97='1. Configuration'!$C$12,"",IF((G97='1. Configuration'!$C$51),(IF(D97>0,(IF(COUNTIF($D$6:D96,D97)>0,"",MAX($A$6:A96)+1)),"")),"")) | B97: {=IF((F97='1. Configuration'!$B$12),(IF(D97>0,(IF(COUNTIF($D$6:D96,D97)>0,"",MAX($B$6:B96)+1)),"")),"")} | C97: =D97&C$94 | F97: {=IFERROR(IF(INDEX('2. Collaborateurs·trices'!$A$6:$M$40,(MATCH('3. Prestations'!D97,'2. Collaborateurs·trices'!$C$6:$C$40,0)),8)=0,'1. Configuration'!$B$12,INDEX('2. Collaborateurs·trices'!$A$6:$M$40,(MATCH('3. Prestations'!D97,'2. Collaborateurs·trices'!$C$6:$C$40,0)),8)),'1. Configuration'!$B$12)} | G97: {=IFERROR(IF((INDEX('2. Collaborateurs·trices'!$A$6:$M$40,(MATCH('3. Prestations'!D97,'2. Collaborateurs·trices'!$C$6:$C$40,0)),10)=0),'1. Configuration'!$C$51,INDEX('2. Collaborateurs·trices'!$A$6:$M$40,(MATCH('3. Prestations'!D97,'2. Collaborateurs·trices'!$C$6:$C$40,0)),10)),IF(E97="","",'1. Configuration'!$C$51))} | H97: {=IFERROR(IF(AND(F97='1. Configuration'!$B$12,G97='1. Configuration'!$C$51),IF((F97='1. Configuration'!$B$12),(VLOOKUP(E97,'1. Configuration'!$A$13:$C$21,2,)),""),""),"")} | L97: {=IFERROR(IF((F97='1. Configuration'!$C$12),(VLOOKUP(E97,'1. Configuration'!$A$13:$C$21,3,)),(IF((G97='1. Configuration'!$B$51),(VLOOKUP(E97,'1. Configuration'!$A$13:$C$21,2,)),""))),"")}
A98: =IF(F98='1. Configuration'!$C$12,"",IF((G98='1. Configuration'!$C$51),(IF(D98>0,(IF(COUNTIF($D$6:D97,D98)>0,"",MAX($A$6:A97)+1)),"")),"")) | B98: {=IF((F98='1. Configuration'!$B$12),(IF(D98>0,(IF(COUNTIF($D$6:D97,D98)>0,"",MAX($B$6:B97)+1)),"")),"")} | C98: =D98&C$94 | F98: {=IFERROR(IF(INDEX('2. Collaborateurs·trices'!$A$6:$M$40,(MATCH('3. Prestations'!D98,'2. Collaborateurs·trices'!$C$6:$C$40,0)),8)=0,'1. Configuration'!$B$12,INDEX('2. Collaborateurs·trices'!$A$6:$M$40,(MATCH('3. Prestations'!D98,'2. Collaborateurs·trices'!$C$6:$C$40,0)),8)),"")} | G98: {=IFERROR(IF((INDEX('2. Collaborateurs·trices'!$A$6:$M$40,(MATCH('3. Prestations'!D98,'2. Collaborateurs·trices'!$C$6:$C$40,0)),10)=0),'1. Configuration'!$C$51,INDEX('2. Collaborateurs·trices'!$A$6:$M$40,(MATCH('3. Prestations'!D98,'2. Collaborateurs·trices'!$C$6:$C$40,0)),10)),IF(E98="","",'1. Configuration'!$C$51))} | H98: {=IFERROR(IF(AND(F98='1. Configuration'!$B$12,G98='1. Configuration'!$C$51),IF((F98='1. Configuration'!$B$12),(VLOOKUP(E98,'1. Configuration'!$A$13:$C$21,2,)),""),""),"")} | L98: {=IFERROR(IF((F98='1. Configuration'!$C$12),(VLOOKUP(E98,'1. Configuration'!$A$13:$C$21,3,)),(IF((G98='1. Configuration'!$B$51),(VLOOKUP(E98,'1. Configuration'!$A$13:$C$21,2,)),""))),"")}
A99: =IF(F99='1. Configuration'!$C$12,"",IF((G99='1. Configuration'!$C$51),(IF(D99>0,(IF(COUNTIF($D$6:D98,D99)>0,"",MAX($A$6:A98)+1)),"")),"")) | B99: {=IF((F99='1. Configuration'!$B$12),(IF(D99>0,(IF(COUNTIF($D$6:D98,D99)>0,"",MAX($B$6:B98)+1)),"")),"")} | C99: =D99&C$94 | F99: {=IFERROR(IF(INDEX('2. Collaborateurs·trices'!$A$6:$M$40,(MATCH('3. Prestations'!D99,'2. Collaborateurs·trices'!$C$6:$C$40,0)),8)=0,'1. Configuration'!$B$12,INDEX('2. Collaborateurs·trices'!$A$6:$M$40,(MATCH('3. Prestations'!D99,'2. Collaborateurs·trices'!$C$6:$C$40,0)),8)),"")} | G99: {=IFERROR(IF((INDEX('2. Collaborateurs·trices'!$A$6:$M$40,(MATCH('3. Prestations'!D99,'2. Collaborateurs·trices'!$C$6:$C$40,0)),10)=0),'1. Configuration'!$C$51,INDEX('2. Collaborateurs·trices'!$A$6:$M$40,(MATCH('3. Prestations'!D99,'2. Collaborateurs·trices'!$C$6:$C$40,0)),10)),IF(E99="","",'1. Configuration'!$C$51))} | H99: {=IFERROR(IF(AND(F99='1. Configuration'!$B$12,G99='1. Configuration'!$C$51),IF((F99='1. Configuration'!$B$12),(VLOOKUP(E99,'1. Configuration'!$A$13:$C$21,2,)),""),""),"")} | L99: {=IFERROR(IF((F99='1. Configuration'!$C$12),(VLOOKUP(E99,'1. Configuration'!$A$13:$C$21,3,)),(IF((G99='1. Configuration'!$B$51),(VLOOKUP(E99,'1. Configuration'!$A$13:$C$21,2,)),""))),"")}
A100: =IF(F100='1. Configuration'!$C$12,"",IF((G100='1. Configuration'!$C$51),(IF(D100>0,(IF(COUNTIF($D$6:D99,D100)>0,"",MAX($A$6:A99)+1)),"")),"")) | B100: {=IF((F100='1. Configuration'!$B$12),(IF(D100>0,(IF(COUNTIF($D$6:D99,D100)>0,"",MAX($B$6:B99)+1)),"")),"")} | C100: =D100&C$94 | F100: {=IFERROR(IF(INDEX('2. Collaborateurs·trices'!$A$6:$M$40,(MATCH('3. Prestations'!D100,'2. Collaborateurs·trices'!$C$6:$C$40,0)),8)=0,'1. Configuration'!$B$12,INDEX('2. Collaborateurs·trices'!$A$6:$M$40,(MATCH('3. Prestations'!D100,'2. Collaborateurs·trices'!$C$6:$C$40,0)),8)),"")} | G100: {=IFERROR(IF((INDEX('2. Collaborateurs·trices'!$A$6:$M$40,(MATCH('3. Prestations'!D100,'2. Collaborateurs·trices'!$C$6:$C$40,0)),10)=0),'1. Configuration'!$C$51,INDEX('2. Collaborateurs·trices'!$A$6:$M$40,(MATCH('3. Prestations'!D100,'2. Collaborateurs·trices'!$C$6:$C$40,0)),10)),IF(E100="","",'1. Configuration'!$C$51))} | H100: {=IFERROR(IF(AND(F100='1. Configuration'!$B$12,G100='1. Configuration'!$C$51),IF((F100='1. Configuration'!$B$12),(VLOOKUP(E100,'1. Configuration'!$A$13:$C$21,2,)),""),""),"")} | L100: {=IFERROR(IF((F100='1. Configuration'!$C$12),(VLOOKUP(E100,'1. Configuration'!$A$13:$C$21,3,)),(IF((G100='1. Configuration'!$B$51),(VLOOKUP(E100,'1. Configuration'!$A$13:$C$21,2,)),""))),"")}
A101: =IF(F101='1. Configuration'!$C$12,"",IF((G101='1. Configuration'!$C$51),(IF(D101>0,(IF(COUNTIF($D$6:D100,D101)>0,"",MAX($A$6:A100)+1)),"")),"")) | B101: {=IF((F101='1. Configuration'!$B$12),(IF(D101>0,(IF(COUNTIF($D$6:D100,D101)>0,"",MAX($B$6:B100)+1)),"")),"")} | C101: =D101&C$94 | F101: {=IFERROR(IF(INDEX('2. Collaborateurs·trices'!$A$6:$M$40,(MATCH('3. Prestations'!D101,'2. Collaborateurs·trices'!$C$6:$C$40,0)),8)=0,'1. Configuration'!$B$12,INDEX('2. Collaborateurs·trices'!$A$6:$M$40,(MATCH('3. Prestations'!D101,'2. Collaborateurs·trices'!$C$6:$C$40,0)),8)),"")} | G101: {=IFERROR(IF((INDEX('2. Collaborateurs·trices'!$A$6:$M$40,(MATCH('3. Prestations'!D101,'2. Collaborateurs·trices'!$C$6:$C$40,0)),10)=0),'1. Configuration'!$C$51,INDEX('2. Collaborateurs·trices'!$A$6:$M$40,(MATCH('3. Prestations'!D101,'2. Collaborateurs·trices'!$C$6:$C$40,0)),10)),IF(E101="","",'1. Configuration'!$C$51))} | H101: {=IFERROR(IF(AND(F101='1. Configuration'!$B$12,G101='1. Configuration'!$C$51),IF((F101='1. Configuration'!$B$12),(VLOOKUP(E101,'1. Configuration'!$A$13:$C$21,2,)),""),""),"")} | L101: {=IFERROR(IF((F101='1. Configuration'!$C$12),(VLOOKUP(E101,'1. Configuration'!$A$13:$C$21,3,)),(IF((G101='1. Configuration'!$B$51),(VLOOKUP(E101,'1. Configuration'!$A$13:$C$21,2,)),""))),"")}
...

Sheet 4. Fiches de salaire
E1: =IF(ISBLANK('1. Configuration'!B8),"",'1. Configuration'!B8)
B2: 4. Fiches de salaire
B3: Renseigner les cellules en couleur pour générer une fiche de salaire pouvant être imprimée.
B4: ='2. Collaborateurs·trices'!C5 | E4: Séance
B5: Camille Exemple | E5: 46039
D8: =IF(B5="","Sélectionner un collaborateur",IF(E5="","Sélectionner une séance",IF(OR(I16='1. Configuration'!C12),"Sélectionner un collaborateur salarié",IF(I17="","Vérifier que la case ''Déclaration AVS'' relative au collaborateur sélectionné est remplie dans l'onglet 2",IF(F25="","Aucune prestation effectuée par le collaborateur à la date sélectionnée","")))))
C11: =IF('1. Configuration'!B8>0,'1. Configuration'!B8,"")
C12: =IF('1. Configuration'!B9>0,'1. Configuration'!B9,"")
C13: =IF('1. Configuration'!B10>0,'1. Configuration'!B10,"") | E13: =IFERROR(INDEX('2. Collaborateurs·trices'!A6:M40, MATCH('4. Fiches de salaire'!B5,'2. Collaborateurs·trices'!C6:C40,0),3),"")
E14: {=IFERROR(INDEX('2. Collaborateurs·trices'!A6:M40, MATCH('4. Fiches de salaire'!B5,'2. Collaborateurs·trices'!C6:C40,0),4),"")}
E15: {=IFERROR(INDEX('2. Collaborateurs·trices'!A6:M40, MATCH('4. Fiches de salaire'!B5,'2. Collaborateurs·trices'!C6:C40,0),5),"")} | I15: =B5&E5
I16: {=IFERROR(INDEX('2. Collaborateurs·trices'!A6:M40, MATCH('4. Fiches de salaire'!B5,'2. Collaborateurs·trices'!C6:C40,0),8),"")}
C17: =IF(ISBLANK(INDEX('2. Collaborateurs·trices'!A6:M40, MATCH('4. Fiches de salaire'!B5,'2. Collaborateurs·trices'!C6:C40,0),12)),"",'2. Collaborateurs·trices'!L5&": "&(INDEX('2. Collaborateurs·trices'!A6:M40, MATCH('4. Fiches de salaire'!B5,'2. Collaborateurs·trices'!C6:C40,0),12))) | I17: {=IFERROR(INDEX('2. Collaborateurs·trices'!A6:M40, MATCH('4. Fiches de salaire'!B5,'2. Collaborateurs·trices'!C6:C40,0),10),0)}
C18: =IF(ISBLANK(INDEX('2. Collaborateurs·trices'!A6:M40, MATCH('4. Fiches de salaire'!B5,'2. Collaborateurs·trices'!C6:C40,0),11)),"",'2. Collaborateurs·trices'!K5&": "&TEXT(DAY(INDEX('2. Collaborateurs·trices'!A6:M40, MATCH('4. Fiches de salaire'!B5,'2. Collaborateurs·trices'!C6:C40,0),11)),"00")&"."&TEXT(MONTH(INDEX('2. Collaborateurs·trices'!A6:M40, MATCH('4. Fiches de salaire'!B5,'2. Collaborateurs·trices'!C6:C40,0),11)),"00")&"."&TEXT(YEAR(INDEX('2. Collaborateurs·trices'!A6:M40, MATCH('4. Fiches de salaire'!B5,'2. Collaborateurs·trices'!C6:C40,0),11)),"0000"))
C19: =IFERROR('3. Prestations'!E6&": "&INDEX('3. Prestations'!C5:M136,MATCH('4. Fiches de salaire'!I15,'3. Prestations'!C5:C136,0),3),"")
C21: ="Fiche de salaire: séance du "&IF(E5>0,TEXT(DAY(E5),"00")&"."&TEXT(MONTH(E5),"00")&"."&TEXT(YEAR(E5),"00"),"")
C23: Position | D23: Facteur | F23: Montant
C25: Salaire de base | F25: =IFERROR(SUM(IF(I17='1. Configuration'!$C$51,(INDEX('3. Prestations'!C5:M136,MATCH('4. Fiches de salaire'!I15,'3. Prestations'!C5:C136,0),6)),(INDEX('3. Prestations'!C5:M136,MATCH('4. Fiches de salaire'!I15,'3. Prestations'!C5:C136,0),10))),)/SUM(100%+D26),"")
C26: =IF('1. Configuration'!A38="","",'1. Configuration'!A38) | D26: ='1. Configuration'!B38 | F26: =IFERROR(SUM(F25)*(D26),"")
C27: Salaire brut | F27: =SUM(F25:F26)
C29: =IF('1. Configuration'!A39="","",'1. Configuration'!A39) | D29: =IF($I$17='1. Configuration'!$B$51,0,'1. Configuration'!B39) | F29: =F27*D29
C30: =IF('1. Configuration'!A40="","",'1. Configuration'!A40) | D30: =IF($I$17='1. Configuration'!$B$51,0,'1. Configuration'!B40) | F30: =F27*D30
C31: =IF('1. Configuration'!A41="","",'1. Configuration'!A41) | D31: =IF($I$17='1. Configuration'!$B$51,0,'1. Configuration'!B41) | F31: =F27*D31
C32: =IF('1. Configuration'!A42="","",'1. Configuration'!A42) | D32: =IF($I$17='1. Configuration'!$B$51,0,'1. Configuration'!B42) | F32: =F27*D32
C33: Cotisations LPP | D33: =IFERROR((INDEX('2. Collaborateurs·trices'!A6:M40,MATCH(B5,'2. Collaborateurs·trices'!C6:C40,0),9)),0) | F33: =F27*D33
C34: =IF('1. Configuration'!A43="","",'1. Configuration'!A43) | D34: =IF($I$17='1. Configuration'!$B$51,0,'1. Configuration'!B43) | F34: =F27*D34
C35: =IF('1. Configuration'!A44="","",'1. Configuration'!A44) | D35: =IF($I$17='1. Configuration'!$B$51,0,'1. Configuration'!B44) | F35: =F27*D35
C36: =IF('1. Configuration'!A45="","",'1. Configuration'!A45) | D36: =IF($I$17='1. Configuration'!$B$51,0,'1. Configuration'!B45) | F36: =F27*D36
C37: Total déductions | F37: =SUM(F29:F36)
C39: Salaire net | F39: =F27-F37
C41: ='3. Prestations'!M6 | F41: =IFERROR(INDEX('3. Prestations'!C5:M136,MATCH('4. Fiches de salaire'!I15,'3. Prestations'!C5:C136,0),11),"")
C42: Suppléments non-soumis à cotisations | F42: =SUM(F41:F41)
C44: {=IFERROR("Total versé sur le compte "&(INDEX('2. Collaborateurs·trices'!A6:M40,MATCH(B5,'2. Collaborateurs·trices'!C6:C40,0),13)),"")} | F44: =MROUND(SUM(F39+F42),0.05)
C46: Remarque:
F47: =TODAY()

Sheet 5. Déclaration AVS
D1: =IF(ISBLANK('1. Configuration'!B8),"",'1. Configuration'!B8)
A2: 5. Déclaration AVS
A3: Récapitulatif utile à l'établissement de la déclaration annuelle des salaires à la caisse cantonale de compensation AVS .
A5: ='2. Collaborateurs·trices'!L5 | B5: ='2. Collaborateurs·trices'!C5 | C5: ='2. Collaborateurs·trices'!K5 | D5: Salaire brut
A6: =IF(B6="","",(INDEX('2. Collaborateurs·trices'!$A$6:$M$40, MATCH('5. Déclaration AVS'!B6,'2. Collaborateurs·trices'!$C$6:$C$40,0),12))) | B6: =IFERROR(VLOOKUP(ROWS($B$6:B6),'3. Prestations'!$A$6:$D$136,4,FALSE),"") | C6: =IF(B6="","",(INDEX('2. Collaborateurs·trices'!$A$6:$M$40, MATCH('5. Déclaration AVS'!B6,'2. Collaborateurs·trices'!$C$6:$C$40,0),11))) | D6: =IF(B6="","",(SUMIFS('3. Prestations'!$H$7:$H$136,'3. Prestations'!$D$7:$D$136,'5. Déclaration AVS'!B6)))
A7: =IF(B7="","",(INDEX('2. Collaborateurs·trices'!$A$6:$M$40, MATCH('5. Déclaration AVS'!B7,'2. Collaborateurs·trices'!$C$6:$C$40,0),12))) | B7: =IFERROR(VLOOKUP(ROWS($B$6:B7),'3. Prestations'!$A$6:$D$136,4,FALSE),"") | C7: =IF(B7="","",(INDEX('2. Collaborateurs·trices'!$A$6:$M$40, MATCH('5. Déclaration AVS'!B7,'2. Collaborateurs·trices'!$C$6:$C$40,0),11))) | D7: =IF(B7="","",(SUMIFS('3. Prestations'!$H$7:$H$136,'3. Prestations'!$D$7:$D$136,'5. Déclaration AVS'!B7)))
A8: =IF(B8="","",(INDEX('2. Collaborateurs·trices'!$A$6:$M$40, MATCH('5. Déclaration AVS'!B8,'2. Collaborateurs·trices'!$C$6:$C$40,0),12))) | B8: =IFERROR(VLOOKUP(ROWS($B$6:B8),'3. Prestations'!$A$6:$D$136,4,FALSE),"") | C8: =IF(B8="","",(INDEX('2. Collaborateurs·trices'!$A$6:$M$40, MATCH('5. Déclaration AVS'!B8,'2. Collaborateurs·trices'!$C$6:$C$40,0),11))) | D8: =IF(B8="","",(SUMIFS('3. Prestations'!$H$7:$H$136,'3. Prestations'!$D$7:$D$136,'5. Déclaration AVS'!B8)))
A9: =IF(B9="","",(INDEX('2. Collaborateurs·trices'!$A$6:$M$40, MATCH('5. Déclaration AVS'!B9,'2. Collaborateurs·trices'!$C$6:$C$40,0),12))) | B9: =IFERROR(VLOOKUP(ROWS($B$6:B9),'3. Prestations'!$A$6:$D$136,4,FALSE),"") | C9: =IF(B9="","",(INDEX('2. Collaborateurs·trices'!$A$6:$M$40, MATCH('5. Déclaration AVS'!B9,'2. Collaborateurs·trices'!$C$6:$C$40,0),11))) | D9: =IF(B9="","",(SUMIFS('3. Prestations'!$H$7:$H$136,'3. Prestations'!$D$7:$D$136,'5. Déclaration AVS'!B9)))
A10: =IF(B10="","",(INDEX('2. Collaborateurs·trices'!$A$6:$M$40, MATCH('5. Déclaration AVS'!B10,'2. Collaborateurs·trices'!$C$6:$C$40,0),12))) | B10: =IFERROR(VLOOKUP(ROWS($B$6:B10),'3. Prestations'!$A$6:$D$136,4,FALSE),"") | C10: =IF(B10="","",(INDEX('2. Collaborateurs·trices'!$A$6:$M$40, MATCH('5. Déclaration AVS'!B10,'2. Collaborateurs·trices'!$C$6:$C$40,0),11))) | D10: =IF(B10="","",(SUMIFS('3. Prestations'!$H$7:$H$136,'3. Prestations'!$D$7:$D$136,'5. Déclaration AVS'!B10)))
A11: =IF(B11="","",(INDEX('2. Collaborateurs·trices'!$A$6:$M$40, MATCH('5. Déclaration AVS'!B11,'2. Collaborateurs·trices'!$C$6:$C$40,0),12))) | B11: =IFERROR(VLOOKUP(ROWS($B$6:B11),'3. Prestations'!$A$6:$D$136,4,FALSE),"") | C11: =IF(B11="","",(INDEX('2. Collaborateurs·trices'!$A$6:$M$40, MATCH('5. Déclaration AVS'!B11,'2. Collaborateurs·trices'!$C$6:$C$40,0),11))) | D11: =IF(B11="","",(SUMIFS('3. Prestations'!$H$7:$H$136,'3. Prestations'!$D$7:$D$136,'5. Déclaration AVS'!B11)))
A12: =IF(B12="","",(INDEX('2. Collaborateurs·trices'!$A$6:$M$40, MATCH('5. Déclaration AVS'!B12,'2. Collaborateurs·trices'!$C$6:$C$40,0),12))) | B12: =IFERROR(VLOOKUP(ROWS($B$6:B12),'3. Prestations'!$A$6:$D$136,4,FALSE),"") | C12: =IF(B12="","",(INDEX('2. Collaborateurs·trices'!$A$6:$M$40, MATCH('5. Déclaration AVS'!B12,'2. Collaborateurs·trices'!$C$6:$C$40,0),11))) | D12: =IF(B12="","",(SUMIFS('3. Prestations'!$H$7:$H$136,'3. Prestations'!$D$7:$D$136,'5. Déclaration AVS'!B12)))
A13: =IF(B13="","",(INDEX('2. Collaborateurs·trices'!$A$6:$M$40, MATCH('5. Déclaration AVS'!B13,'2. Collaborateurs·trices'!$C$6:$C$40,0),12))) | B13: =IFERROR(VLOOKUP(ROWS($B$6:B13),'3. Prestations'!$A$6:$D$136,4,FALSE),"") | C13: =IF(B13="","",(INDEX('2. Collaborateurs·trices'!$A$6:$M$40, MATCH('5. Déclaration AVS'!B13,'2. Collaborateurs·trices'!$C$6:$C$40,0),11))) | D13: =IF(B13="","",(SUMIFS('3. Prestations'!$H$7:$H$136,'3. Prestations'!$D$7:$D$136,'5. Déclaration AVS'!B13)))
A14: =IF(B14="","",(INDEX('2. Collaborateurs·trices'!$A$6:$M$40, MATCH('5. Déclaration AVS'!B14,'2. Collaborateurs·trices'!$C$6:$C$40,0),12))) | B14: =IFERROR(VLOOKUP(ROWS($B$6:B14),'3. Prestations'!$A$6:$D$136,4,FALSE),"") | C14: =IF(B14="","",(INDEX('2. Collaborateurs·trices'!$A$6:$M$40, MATCH('5. Déclaration AVS'!B14,'2. Collaborateurs·trices'!$C$6:$C$40,0),11))) | D14: =IF(B14="","",(SUMIFS('3. Prestations'!$H$7:$H$136,'3. Prestations'!$D$7:$D$136,'5. Déclaration AVS'!B14)))
A15: =IF(B15="","",(INDEX('2. Collaborateurs·trices'!$A$6:$M$40, MATCH('5. Déclaration AVS'!B15,'2. Collaborateurs·trices'!$C$6:$C$40,0),12))) | B15: =IFERROR(VLOOKUP(ROWS($B$6:B15),'3. Prestations'!$A$6:$D$136,4,FALSE),"") | C15: =IF(B15="","",(INDEX('2. Collaborateurs·trices'!$A$6:$M$40, MATCH('5. Déclaration AVS'!B15,'2. Collaborateurs·trices'!$C$6:$C$40,0),11))) | D15: =IF(B15="","",(SUMIFS('3. Prestations'!$H$7:$H$136,'3. Prestations'!$D$7:$D$136,'5. Déclaration AVS'!B15)))
A16: =IF(B16="","",(INDEX('2. Collaborateurs·trices'!$A$6:$M$40, MATCH('5. Déclaration AVS'!B16,'2. Collaborateurs·trices'!$C$6:$C$40,0),12))) | B16: =IFERROR(VLOOKUP(ROWS($B$6:B16),'3. Prestations'!$A$6:$D$136,4,FALSE),"") | C16: =IF(B16="","",(INDEX('2. Collaborateurs·trices'!$A$6:$M$40, MATCH('5. Déclaration AVS'!B16,'2. Collaborateurs·trices'!$C$6:$C$40,0),11))) | D16: =IF(B16="","",(SUMIFS('3. Prestations'!$H$7:$H$136,'3. Prestations'!$D$7:$D$136,'5. Déclaration AVS'!B16)))
A17: =IF(B17="","",(INDEX('2. Collaborateurs·trices'!$A$6:$M$40, MATCH('5. Déclaration AVS'!B17,'2. Collaborateurs·trices'!$C$6:$C$40,0),12))) | B17: =IFERROR(VLOOKUP(ROWS($B$6:B17),'3. Prestations'!$A$6:$D$136,4,FALSE),"") | C17: =IF(B17="","",(INDEX('2. Collaborateurs·trices'!$A$6:$M$40, MATCH('5. Déclaration AVS'!B17,'2. Collaborateurs·trices'!$C$6:$C$40,0),11))) | D17: =IF(B17="","",(SUMIFS('3. Prestations'!$H$7:$H$136,'3. Prestations'!$D$7:$D$136,'5. Déclaration AVS'!B17)))
... A40: =IF(B40="","",(INDEX('2. Collaborateurs·trices'!$A$6:$M$40, MATCH('5. Déclaration AVS'!B40,'2. Collaborateurs·trices'!$C$6:$C$40,0),12))) | B40: =IFERROR(VLOOKUP(ROWS($B$6:B40),'3. Prestations'!$A$6:$D$136,4,FALSE),"") | C40: =IF(B40="","",(INDEX('2. Collaborateurs·trices'!$A$6:$M$40, MATCH('5. Déclaration AVS'!B40,'2. Collaborateurs·trices'!$C$6:$C$40,0),11))) | D40: =IF(B40="","",(SUMIFS('3. Prestations'!$H$7:$H$136,'3. Prestations'!$D$7:$D$136,'5. Déclaration AVS'!B40)))
A41: ="Total "&('1. Configuration'!B5) | D41: =SUM(D6:D40)

Sheet 6. Certificats de salaire
I1: =IF(ISBLANK('1. Configuration'!B8),"",'1. Configuration'!B8)
A2: 6. Certificats de salaire
A3: Récapitulatif des données utiles à l'établissement des certificats de salaires
A5: ="Nouveau "&'2. Collaborateurs·trices'!L5 | B5: Date naiss. | C5: ='2. Collaborateurs·trices'!C5 | D5: Adresse | E5: Déclaration AVS | F5: Taux LPP | G5: Salaire brut | H5: AVS/AI/AC | I5: LPP | J5: Salaire net | K5: Autres
A6: Lettre C | B6: Lettre C | C6: Lettre H | D6: Lettre H | G6: Chiffres 1 et 8 | H6: Chiffre 9 | I6: Chiffre 10.1 | J6: Chiffre 11 | K6: Chiffre 13.1
A7: =IF(C7="","",(INDEX('2. Collaborateurs·trices'!$A$6:$M$40, MATCH(C7,'2. Collaborateurs·trices'!$C$6:$C$40,0),12))) | B7: =IF(C7="","",(INDEX('2. Collaborateurs·trices'!$A$6:$M$40, MATCH(C7,'2. Collaborateurs·trices'!$C$6:$C$40,0),11))) | C7: =IFERROR(VLOOKUP(ROWS($C$7:C7),'3. Prestations'!$B$6:$D$136,3,FALSE),"") | D7: =IF(C7="","",(INDEX('2. Collaborateurs·trices'!$A$6:$M$40, MATCH(C7,'2. Collaborateurs·trices'!$C$6:$C$40,0),4))&" "&(INDEX('2. Collaborateurs·trices'!$A$6:$M$40, MATCH(C7,'2. Collaborateurs·trices'!$C$6:$C$40,0),5))) | E7: {=IF(C7="","",(INDEX('2. Collaborateurs·trices'!$A$6:$M$40, MATCH(C7,'2. Collaborateurs·trices'!$C$6:$C$40,0),10)))} | F7: {=IF(C7="","",(INDEX('2. Collaborateurs·trices'!$A$6:$M$40, MATCH(C7,'2. Collaborateurs·trices'!$C$6:$C$40,0),9)))} | G7: =IF(C7="","",TRUNC(SUM((SUMIFS('3. Prestations'!$H$7:$H$136,'3. Prestations'!$D$7:$D$136,C7)),(SUMIFS('3. Prestations'!$L$7:$L$136,'3. Prestations'!$D$7:$D$136,C7))))) | H7: =IFERROR(IF(E7='1. Configuration'!$C$51,(TRUNC(SUM(G7*(SUM('1. Configuration'!B$39,'1. Configuration'!B$40))))),""),"") | I7: =IFERROR(TRUNC(G7*F7),"") | J7: =IFERROR(SUM(G7-H7-I7),"") | K7: =IF(C7="","",(SUMIFS('3. Prestations'!$M$7:$M$136,'3. Prestations'!$D$7:$D$136,'5. Déclaration AVS'!B6)))
A8: {=IF(C8="","",(INDEX('2. Collaborateurs·trices'!$A$6:$M$40, MATCH(C8,'2. Collaborateurs·trices'!$C$6:$C$40,0),12)))} | B8: =IF(C8="","",(INDEX('2. Collaborateurs·trices'!$A$6:$M$40, MATCH(C8,'2. Collaborateurs·trices'!$C$6:$C$40,0),11))) | C8: =IFERROR(VLOOKUP(ROWS($C$7:C8),'3. Prestations'!$B$6:$D$136,3,FALSE),"") | D8: {=IF(C8="","",(INDEX('2. Collaborateurs·trices'!$A$6:$M$40, MATCH(C8,'2. Collaborateurs·trices'!$C$6:$C$40,0),4))&" "&(INDEX('2. Collaborateurs·trices'!$A$6:$M$40, MATCH(C8,'2. Collaborateurs·trices'!$C$6:$C$40,0),5)))} | E8: {=IF(C8="","",(INDEX('2. Collaborateurs·trices'!$A$6:$M$40, MATCH(C8,'2. Collaborateurs·trices'!$C$6:$C$40,0),10)))} | F8: {=IF(C8="","",(INDEX('2. Collaborateurs·trices'!$A$6:$M$40, MATCH(C8,'2. Collaborateurs·trices'!$C$6:$C$40,0),9)))} | G8: =IF(C8="","",TRUNC(SUM((SUMIFS('3. Prestations'!$H$7:$H$136,'3. Prestations'!$D$7:$D$136,C8)),(SUMIFS('3. Prestations'!$L$7:$L$136,'3. Prestations'!$D$7:$D$136,C8))))) | H8: =IFERROR(IF(E8='1. Configuration'!$C$51,(TRUNC(SUM(G8*(SUM('1. Configuration'!B$39,'1. Configuration'!B$40))))),""),"") | I8: =IFERROR(TRUNC(G8*F8),"") | J8: =IFERROR(SUM(G8-H8-I8),"") | K8: =IF(C8="","",(SUMIFS('3. Prestations'!$M$7:$M$136,'3. Prestations'!$D$7:$D$136,'5. Déclaration AVS'!B7)))
A9: {=IF(C9="","",(INDEX('2. Collaborateurs·trices'!$A$6:$M$40, MATCH(C9,'2. Collaborateurs·trices'!$C$6:$C$40,0),12)))} | B9: =IF(C9="","",(INDEX('2. Collaborateurs·trices'!$A$6:$M$40, MATCH(C9,'2. Collaborateurs·trices'!$C$6:$C$40,0),11))) | C9: =IFERROR(VLOOKUP(ROWS($C$7:C9),'3. Prestations'!$B$6:$D$136,3,FALSE),"") | D9: {=IF(C9="","",(INDEX('2. Collaborateurs·trices'!$A$6:$M$40, MATCH(C9,'2. Collaborateurs·trices'!$C$6:$C$40,0),4))&" "&(INDEX('2. Collaborateurs·trices'!$A$6:$M$40, MATCH(C9,'2. Collaborateurs·trices'!$C$6:$C$40,0),5)))} | E9: {=IF(C9="","",(INDEX('2. Collaborateurs·trices'!$A$6:$M$40, MATCH(C9,'2. Collaborateurs·trices'!$C$6:$C$40,0),10)))} | F9: {=IF(C9="","",(INDEX('2. Collaborateurs·trices'!$A$6:$M$40, MATCH(C9,'2. Collaborateurs·trices'!$C$6:$C$40,0),9)))} | G9: =IF(C9="","",TRUNC(SUM((SUMIFS('3. Prestations'!$H$7:$H$136,'3. Prestations'!$D$7:$D$136,C9)),(SUMIFS('3. Prestations'!$L$7:$L$136,'3. Prestations'!$D$7:$D$136,C9))))) | H9: =IFERROR(IF(E9='1. Configuration'!$C$51,(TRUNC(SUM(G9*(SUM('1. Configuration'!B$39,'1. Configuration'!B$40))))),""),"") | I9: =IFERROR(TRUNC(G9*F9),"") | J9: =IFERROR(SUM(G9-H9-I9),"") | K9: =IF(C9="","",(SUMIFS('3. Prestations'!$M$7:$M$136,'3. Prestations'!$D$7:$D$136,'5. Déclaration AVS'!B8)))
A10: {=IF(C10="","",(INDEX('2. Collaborateurs·trices'!$A$6:$M$40, MATCH(C10,'2. Collaborateurs·trices'!$C$6:$C$40,0),12)))} | B10: =IF(C10="","",(INDEX('2. Collaborateurs·trices'!$A$6:$M$40, MATCH(C10,'2. Collaborateurs·trices'!$C$6:$C$40,0),11))) | C10: =IFERROR(VLOOKUP(ROWS($C$7:C10),'3. Prestations'!$B$6:$D$136,3,FALSE),"") | D10: {=IF(C10="","",(INDEX('2. Collaborateurs·trices'!$A$6:$M$40, MATCH(C10,'2. Collaborateurs·trices'!$C$6:$C$40,0),4))&" "&(INDEX('2. Collaborateurs·trices'!$A$6:$M$40, MATCH(C10,'2. Collaborateurs·trices'!$C$6:$C$40,0),5)))} | E10: {=IF(C10="","",(INDEX('2. Collaborateurs·trices'!$A$6:$M$40, MATCH(C10,'2. Collaborateurs·trices'!$C$6:$C$40,0),10)))} | F10: {=IF(C10="","",(INDEX('2. Collaborateurs·trices'!$A$6:$M$40, MATCH(C10,'2. Collaborateurs·trices'!$C$6:$C$40,0),9)))} | G10: =IF(C10="","",TRUNC(SUM((SUMIFS('3. Prestations'!$H$7:$H$136,'3. Prestations'!$D$7:$D$136,C10)),(SUMIFS('3. Prestations'!$L$7:$L$136,'3. Prestations'!$D$7:$D$136,C10))))) | H10: =IFERROR(IF(E10='1. Configuration'!$C$51,(TRUNC(SUM(G10*(SUM('1. Configuration'!B$39,'1. Configuration'!B$40))))),""),"") | I10: =IFERROR(TRUNC(G10*F10),"") | J10: =IFERROR(SUM(G10-H10-I10),"") | K10: =IF(C10="","",(SUMIFS('3. Prestations'!$M$7:$M$136,'3. Prestations'!$D$7:$D$136,'5. Déclaration AVS'!B9)))
A11: {=IF(C11="","",(INDEX('2. Collaborateurs·trices'!$A$6:$M$40, MATCH(C11,'2. Collaborateurs·trices'!$C$6:$C$40,0),12)))} | B11: =IF(C11="","",(INDEX('2. Collaborateurs·trices'!$A$6:$M$40, MATCH(C11,'2. Collaborateurs·trices'!$C$6:$C$40,0),11))) | C11: =IFERROR(VLOOKUP(ROWS($C$7:C11),'3. Prestations'!$B$6:$D$136,3,FALSE),"") | D11: {=IF(C11="","",(INDEX('2. Collaborateurs·trices'!$A$6:$M$40, MATCH(C11,'2. Collaborateurs·trices'!$C$6:$C$40,0),4))&" "&(INDEX('2. Collaborateurs·trices'!$A$6:$M$40, MATCH(C11,'2. Collaborateurs·trices'!$C$6:$C$40,0),5)))} | E11: {=IF(C11="","",(INDEX('2. Collaborateurs·trices'!$A$6:$M$40, MATCH(C11,'2. Collaborateurs·trices'!$C$6:$C$40,0),10)))} | F11: {=IF(C11="","",(INDEX('2. Collaborateurs·trices'!$A$6:$M$40, MATCH(C11,'2. Collaborateurs·trices'!$C$6:$C$40,0),9)))} | G11: =IF(C11="","",TRUNC(SUM((SUMIFS('3. Prestations'!$H$7:$H$136,'3. Prestations'!$D$7:$D$136,C11)),(SUMIFS('3. Prestations'!$L$7:$L$136,'3. Prestations'!$D$7:$D$136,C11))))) | H11: =IFERROR(IF(E11='1. Configuration'!$C$51,(TRUNC(SUM(G11*(SUM('1. Configuration'!B$39,'1. Configuration'!B$40))))),""),"") | I11: =IFERROR(TRUNC(G11*F11),"") | J11: =IFERROR(SUM(G11-H11-I11),"") | K11: =IF(C11="","",(SUMIFS('3. Prestations'!$M$7:$M$136,'3. Prestations'!$D$7:$D$136,'5. Déclaration AVS'!B10)))
A12: {=IF(C12="","",(INDEX('2. Collaborateurs·trices'!$A$6:$M$40, MATCH(C12,'2. Collaborateurs·trices'!$C$6:$C$40,0),12)))} | B12: =IF(C12="","",(INDEX('2. Collaborateurs·trices'!$A$6:$M$40, MATCH(C12,'2. Collaborateurs·trices'!$C$6:$C$40,0),11))) | C12: =IFERROR(VLOOKUP(ROWS($C$7:C12),'3. Prestations'!$B$6:$D$136,3,FALSE),"") | D12: {=IF(C12="","",(INDEX('2. Collaborateurs·trices'!$A$6:$M$40, MATCH(C12,'2. Collaborateurs·trices'!$C$6:$C$40,0),4))&" "&(INDEX('2. Collaborateurs·trices'!$A$6:$M$40, MATCH(C12,'2. Collaborateurs·trices'!$C$6:$C$40,0),5)))} | E12: {=IF(C12="","",(INDEX('2. Collaborateurs·trices'!$A$6:$M$40, MATCH(C12,'2. Collaborateurs·trices'!$C$6:$C$40,0),10)))} | F12: {=IF(C12="","",(INDEX('2. Collaborateurs·trices'!$A$6:$M$40, MATCH(C12,'2. Collaborateurs·trices'!$C$6:$C$40,0),9)))} | G12: =IF(C12="","",TRUNC(SUM((SUMIFS('3. Prestations'!$H$7:$H$136,'3. Prestations'!$D$7:$D$136,C12)),(SUMIFS('3. Prestations'!$L$7:$L$136,'3. Prestations'!$D$7:$D$136,C12))))) | H12: =IFERROR(IF(E12='1. Configuration'!$C$51,(TRUNC(SUM(G12*(SUM('1. Configuration'!B$39,'1. Configuration'!B$40))))),""),"") | I12: =IFERROR(TRUNC(G12*F12),"") | J12: =IFERROR(SUM(G12-H12-I12),"") | K12: =IF(C12="","",(SUMIFS('3. Prestations'!$M$7:$M$136,'3. Prestations'!$D$7:$D$136,'5. Déclaration AVS'!B11)))
A13: {=IF(C13="","",(INDEX('2. Collaborateurs·trices'!$A$6:$M$40, MATCH(C13,'2. Collaborateurs·trices'!$C$6:$C$40,0),12)))} | B13: =IF(C13="","",(INDEX('2. Collaborateurs·trices'!$A$6:$M$40, MATCH(C13,'2. Collaborateurs·trices'!$C$6:$C$40,0),11))) | C13: =IFERROR(VLOOKUP(ROWS($C$7:C13),'3. Prestations'!$B$6:$D$136,3,FALSE),"") | D13: {=IF(C13="","",(INDEX('2. Collaborateurs·trices'!$A$6:$M$40, MATCH(C13,'2. Collaborateurs·trices'!$C$6:$C$40,0),4))&" "&(INDEX('2. Collaborateurs·trices'!$A$6:$M$40, MATCH(C13,'2. Collaborateurs·trices'!$C$6:$C$40,0),5)))} | E13: {=IF(C13="","",(INDEX('2. Collaborateurs·trices'!$A$6:$M$40, MATCH(C13,'2. Collaborateurs·trices'!$C$6:$C$40,0),10)))} | F13: {=IF(C13="","",(INDEX('2. Collaborateurs·trices'!$A$6:$M$40, MATCH(C13,'2. Collaborateurs·trices'!$C$6:$C$40,0),9)))} | G13: =IF(C13="","",TRUNC(SUM((SUMIFS('3. Prestations'!$H$7:$H$136,'3. Prestations'!$D$7:$D$136,C13)),(SUMIFS('3. Prestations'!$L$7:$L$136,'3. Prestations'!$D$7:$D$136,C13))))) | H13: =IFERROR(IF(E13='1. Configuration'!$C$51,(TRUNC(SUM(G13*(SUM('1. Configuration'!B$39,'1. Configuration'!B$40))))),""),"") | I13: =IFERROR(TRUNC(G13*F13),"") | J13: =IFERROR(SUM(G13-H13-I13),"") | K13: =IF(C13="","",(SUMIFS('3. Prestations'!$M$7:$M$136,'3. Prestations'!$D$7:$D$136,'5. Déclaration AVS'!B12)))
A14: {=IF(C14="","",(INDEX('2. Collaborateurs·trices'!$A$6:$M$40, MATCH(C14,'2. Collaborateurs·trices'!$C$6:$C$40,0),12)))} | B14: =IF(C14="","",(INDEX('2. Collaborateurs·trices'!$A$6:$M$40, MATCH(C14,'2. Collaborateurs·trices'!$C$6:$C$40,0),11))) | C14: =IFERROR(VLOOKUP(ROWS($C$7:C14),'3. Prestations'!$B$6:$D$136,3,FALSE),"") | D14: {=IF(C14="","",(INDEX('2. Collaborateurs·trices'!$A$6:$M$40, MATCH(C14,'2. Collaborateurs·trices'!$C$6:$C$40,0),4))&" "&(INDEX('2. Collaborateurs·trices'!$A$6:$M$40, MATCH(C14,'2. Collaborateurs·trices'!$C$6:$C$40,0),5)))} | E14: {=IF(C14="","",(INDEX('2. Collaborateurs·trices'!$A$6:$M$40, MATCH(C14,'2. Collaborateurs·trices'!$C$6:$C$40,0),10)))} | F14: {=IF(C14="","",(INDEX('2. Collaborateurs·trices'!$A$6:$M$40, MATCH(C14,'2. Collaborateurs·trices'!$C$6:$C$40,0),9)))} | G14: =IF(C14="","",TRUNC(SUM((SUMIFS('3. Prestations'!$H$7:$H$136,'3. Prestations'!$D$7:$D$136,C14)),(SUMIFS('3. Prestations'!$L$7:$L$136,'3. Prestations'!$D$7:$D$136,C14))))) | H14: =IFERROR(IF(E14='1. Configuration'!$C$51,(TRUNC(SUM(G14*(SUM('1. Configuration'!B$39,'1. Configuration'!B$40))))),""),"") | I14: =IFERROR(TRUNC(G14*F14),"") | J14: =IFERROR(SUM(G14-H14-I14),"") | K14: =IF(C14="","",(SUMIFS('3. Prestations'!$M$7:$M$136,'3. Prestations'!$D$7:$D$136,'5. Déclaration AVS'!B13)))
A15: {=IF(C15="","",(INDEX('2. Collaborateurs·trices'!$A$6:$M$40, MATCH(C15,'2. Collaborateurs·trices'!$C$6:$C$40,0),12)))} | B15: =IF(C15="","",(INDEX('2. Collaborateurs·trices'!$A$6:$M$40, MATCH(C15,'2. Collaborateurs·trices'!$C$6:$C$40,0),11))) | C15: =IFERROR(VLOOKUP(ROWS($C$7:C15),'3. Prestations'!$B$6:$D$136,3,FALSE),"") | D15: {=IF(C15="","",(INDEX('2. Collaborateurs·trices'!$A$6:$M$40, MATCH(C15,'2. Collaborateurs·trices'!$C$6:$C$40,0),4))&" "&(INDEX('2. Collaborateurs·trices'!$A$6:$M$40, MATCH(C15,'2. Collaborateurs·trices'!$C$6:$C$40,0),5)))} | E15: {=IF(C15="","",(INDEX('2. Collaborateurs·trices'!$A$6:$M$40, MATCH(C15,'2. Collaborateurs·trices'!$C$6:$C$40,0),10)))} | F15: {=IF(C15="","",(INDEX('2. Collaborateurs·trices'!$A$6:$M$40, MATCH(C15,'2. Collaborateurs·trices'!$C$6:$C$40,0),9)))} | G15: =IF(C15="","",TRUNC(SUM((SUMIFS('3. Prestations'!$H$7:$H$136,'3. Prestations'!$D$7:$D$136,C15)),(SUMIFS('3. Prestations'!$L$7:$L$136,'3. Prestations'!$D$7:$D$136,C15))))) | H15: =IFERROR(IF(E15='1. Configuration'!$C$51,(TRUNC(SUM(G15*(SUM('1. Configuration'!B$39,'1. Configuration'!B$40))))),""),"") | I15: =IFERROR(TRUNC(G15*F15),"") | J15: =IFERROR(SUM(G15-H15-I15),"") | K15: =IF(C15="","",(SUMIFS('3. Prestations'!$M$7:$M$136,'3. Prestations'!$D$7:$D$136,'5. Déclaration AVS'!B14)))
A16: {=IF(C16="","",(INDEX('2. Collaborateurs·trices'!$A$6:$M$40, MATCH(C16,'2. Collaborateurs·trices'!$C$6:$C$40,0),12)))} | B16: =IF(C16="","",(INDEX('2. Collaborateurs·trices'!$A$6:$M$40, MATCH(C16,'2. Collaborateurs·trices'!$C$6:$C$40,0),11))) | C16: =IFERROR(VLOOKUP(ROWS($C$7:C16),'3. Prestations'!$B$6:$D$136,3,FALSE),"") | D16: {=IF(C16="","",(INDEX('2. Collaborateurs·trices'!$A$6:$M$40, MATCH(C16,'2. Collaborateurs·trices'!$C$6:$C$40,0),4))&" "&(INDEX('2. Collaborateurs·trices'!$A$6:$M$40, MATCH(C16,'2. Collaborateurs·trices'!$C$6:$C$40,0),5)))} | E16: {=IF(C16="","",(INDEX('2. Collaborateurs·trices'!$A$6:$M$40, MATCH(C16,'2. Collaborateurs·trices'!$C$6:$C$40,0),10)))} | F16: {=IF(C16="","",(INDEX('2. Collaborateurs·trices'!$A$6:$M$40, MATCH(C16,'2. Collaborateurs·trices'!$C$6:$C$40,0),9)))} | G16: =IF(C16="","",TRUNC(SUM((SUMIFS('3. Prestations'!$H$7:$H$136,'3. Prestations'!$D$7:$D$136,C16)),(SUMIFS('3. Prestations'!$L$7:$L$136,'3. Prestations'!$D$7:$D$136,C16))))) | H16: =IFERROR(IF(E16='1. Configuration'!$C$51,(TRUNC(SUM(G16*(SUM('1. Configuration'!B$39,'1. Configuration'!B$40))))),""),"") | I16: =IFERROR(TRUNC(G16*F16),"") | J16: =IFERROR(SUM(G16-H16-I16),"") | K16: =IF(C16="","",(SUMIFS('3. Prestations'!$M$7:$M$136,'3. Prestations'!$D$7:$D$136,'5. Déclaration AVS'!B15)))
A17: {=IF(C17="","",(INDEX('2. Collaborateurs·trices'!$A$6:$M$40, MATCH(C17,'2. Collaborateurs·trices'!$C$6:$C$40,0),12)))} | B17: =IF(C17="","",(INDEX('2. Collaborateurs·trices'!$A$6:$M$40, MATCH(C17,'2. Collaborateurs·trices'!$C$6:$C$40,0),11))) | C17: =IFERROR(VLOOKUP(ROWS($C$7:C17),'3. Prestations'!$B$6:$D$136,3,FALSE),"") | D17: {=IF(C17="","",(INDEX('2. Collaborateurs·trices'!$A$6:$M$40, MATCH(C17,'2. Collaborateurs·trices'!$C$6:$C$40,0),4))&" "&(INDEX('2. Collaborateurs·trices'!$A$6:$M$40, MATCH(C17,'2. Collaborateurs·trices'!$C$6:$C$40,0),5)))} | E17: {=IF(C17="","",(INDEX('2. Collaborateurs·trices'!$A$6:$M$40, MATCH(C17,'2. Collaborateurs·trices'!$C$6:$C$40,0),10)))} | F17: {=IF(C17="","",(INDEX('2. Collaborateurs·trices'!$A$6:$M$40, MATCH(C17,'2. Collaborateurs·trices'!$C$6:$C$40,0),9)))} | G17: =IF(C17="","",TRUNC(SUM((SUMIFS('3. Prestations'!$H$7:$H$136,'3. Prestations'!$D$7:$D$136,C17)),(SUMIFS('3. Prestations'!$L$7:$L$136,'3. Prestations'!$D$7:$D$136,C17))))) | H17: =IFERROR(IF(E17='1. Configuration'!$C$51,(TRUNC(SUM(G17*(SUM('1. Configuration'!B$39,'1. Configuration'!B$40))))),""),"") | I17: =IFERROR(TRUNC(G17*F17),"") | J17: =IFERROR(SUM(G17-H17-I17),"") | K17: =IF(C17="","",(SUMIFS('3. Prestations'!$M$7:$M$136,'3. Prestations'!$D$7:$D$136,'5. Déclaration AVS'!B16)))
A18: {=IF(C18="","",(INDEX('2. Collaborateurs·trices'!$A$6:$M$40, MATCH(C18,'2. Collaborateurs·trices'!$C$6:$C$40,0),12)))} | B18: =IF(C18="","",(INDEX('2. Collaborateurs·trices'!$A$6:$M$40, MATCH(C18,'2. Collaborateurs·trices'!$C$6:$C$40,0),11))) | C18: =IFERROR(VLOOKUP(ROWS($C$7:C18),'3. Prestations'!$B$6:$D$136,3,FALSE),"") | D18: {=IF(C18="","",(INDEX('2. Collaborateurs·trices'!$A$6:$M$40, MATCH(C18,'2. Collaborateurs·trices'!$C$6:$C$40,0),4))&" "&(INDEX('2. Collaborateurs·trices'!$A$6:$M$40, MATCH(C18,'2. Collaborateurs·trices'!$C$6:$C$40,0),5)))} | E18: {=IF(C18="","",(INDEX('2. Collaborateurs·trices'!$A$6:$M$40, MATCH(C18,'2. Collaborateurs·trices'!$C$6:$C$40,0),10)))} | F18: {=IF(C18="","",(INDEX('2. Collaborateurs·trices'!$A$6:$M$40, MATCH(C18,'2. Collaborateurs·trices'!$C$6:$C$40,0),9)))} | G18: =IF(C18="","",TRUNC(SUM((SUMIFS('3. Prestations'!$H$7:$H$136,'3. Prestations'!$D$7:$D$136,C18)),(SUMIFS('3. Prestations'!$L$7:$L$136,'3. Prestations'!$D$7:$D$136,C18))))) | H18: =IFERROR(IF(E18='1. Configuration'!$C$51,(TRUNC(SUM(G18*(SUM('1. Configuration'!B$39,'1. Configuration'!B$40))))),""),"") | I18: =IFERROR(TRUNC(G18*F18),"") | J18: =IFERROR(SUM(G18-H18-I18),"") | K18: =IF(C18="","",(SUMIFS('3. Prestations'!$M$7:$M$136,'3. Prestations'!$D$7:$D$136,'5. Déclaration AVS'!B17)))
A19: {=IF(C19="","",(INDEX('2. Collaborateurs·trices'!$A$6:$M$40, MATCH(C19,'2. Collaborateurs·trices'!$C$6:$C$40,0),12)))} | B19: =IF(C19="","",(INDEX('2. Collaborateurs·trices'!$A$6:$M$40, MATCH(C19,'2. Collaborateurs·trices'!$C$6:$C$40,0),11))) | C19: =IFERROR(VLOOKUP(ROWS($C$7:C19),'3. Prestations'!$B$6:$D$136,3,FALSE),"") | D19: {=IF(C19="","",(INDEX('2. Collaborateurs·trices'!$A$6:$M$40, MATCH(C19,'2. Collaborateurs·trices'!$C$6:$C$40,0),4))&" "&(INDEX('2. Collaborateurs·trices'!$A$6:$M$40, MATCH(C19,'2. Collaborateurs·trices'!$C$6:$C$40,0),5)))} | E19: {=IF(C19="","",(INDEX('2. Collaborateurs·trices'!$A$6:$M$40, MATCH(C19,'2. Collaborateurs·trices'!$C$6:$C$40,0),10)))} | F19: {=IF(C19="","",(INDEX('2. Collaborateurs·trices'!$A$6:$M$40, MATCH(C19,'2. Collaborateurs·trices'!$C$6:$C$40,0),9)))} | G19: =IF(C19="","",TRUNC(SUM((SUMIFS('3. Prestations'!$H$7:$H$136,'3. Prestations'!$D$7:$D$136,C19)),(SUMIFS('3. Prestations'!$L$7:$L$136,'3. Prestations'!$D$7:$D$136,C19))))) | H19: =IFERROR(IF(E19='1. Configuration'!$C$51,(TRUNC(SUM(G19*(SUM('1. Configuration'!B$39,'1. Configuration'!B$40))))),""),"") | I19: =IFERROR(TRUNC(G19*F19),"") | J19: =IFERROR(SUM(G19-H19-I19),"") | K19: =IF(C19="","",(SUMIFS('3. Prestations'!$M$7:$M$136,'3. Prestations'!$D$7:$D$136,'5. Déclaration AVS'!B18)))
... A40: {=IF(C40="","",(INDEX('2. Collaborateurs·trices'!$A$6:$M$40, MATCH(C40,'2. Collaborateurs·trices'!$C$6:$C$40,0),12)))} | B40: =IF(C40="","",(INDEX('2. Collaborateurs·trices'!$A$6:$M$40, MATCH(C40,'2. Collaborateurs·trices'!$C$6:$C$40,0),11))) | C40: =IFERROR(VLOOKUP(ROWS($C$7:C40),'3. Prestations'!$B$6:$D$136,3,FALSE),"") | D40: {=IF(C40="","",(INDEX('2. Collaborateurs·trices'!$A$6:$M$40, MATCH(C40,'2. Collaborateurs·trices'!$C$6:$C$40,0),4))&" "&(INDEX('2. Collaborateurs·trices'!$A$6:$M$40, MATCH(C40,'2. Collaborateurs·trices'!$C$6:$C$40,0),5)))} | E40: {=IF(C40="","",(INDEX('2. Collaborateurs·trices'!$A$6:$M$40, MATCH(C40,'2. Collaborateurs·trices'!$C$6:$C$40,0),10)))} | F40: {=IF(C40="","",(INDEX('2. Collaborateurs·trices'!$A$6:$M$40, MATCH(C40,'2. Collaborateurs·trices'!$C$6:$C$40,0),9)))} | G40: =IF(C40="","",TRUNC(SUM((SUMIFS('3. Prestations'!$H$7:$H$136,'3. Prestations'!$D$7:$D$136,C40)),(SUMIFS('3. Prestations'!$L$7:$L$136,'3. Prestations'!$D$7:$D$136,C40))))) | H40: =IFERROR(IF(E40='1. Configuration'!$C$51,(TRUNC(SUM(G40*(SUM('1. Configuration'!B$39,'1. Configuration'!B$40))))),""),"") | I40: =IFERROR(TRUNC(G40*F40),"") | J40: =IFERROR(SUM(G40-H40-I40),"") | K40: =IF(C40="","",(SUMIFS('3. Prestations'!$M$7:$M$136,'3. Prestations'!$D$7:$D$136,'5. Déclaration AVS'!B39)))
